accuracy,f1,auc_roc,precision,recall,inference_time,train_time,model,dataset,seed,n_params
0.975,0.8,1.0,1.0,0.6666666666666666,0.0005969619378447533,4.72649046999868,MLP,Collegiate Athlete,1,3329
0.925,0.4,0.981981981981982,0.5,0.3333333333333333,0.0013848979724571109,1.5626745891058818,efficient-kan,Collegiate Athlete,1,3200
0.925,0.0,1.0,0.0,0.0,0.0008677169680595398,1.375187418074347,ChebyKAN,Collegiate Athlete,1,15297
1.0,1.0,1.0,1.0,1.0,0.0006494460394605994,1.4024695069529116,FastKAN,Collegiate Athlete,1,146017
0.9,0.0,0.972972972972973,0.0,0.0,0.0006181630305945873,1.384145952994004,WavKAN,Collegiate Athlete,1,109537
0.9,0.0,0.6666666666666667,0.0,0.0,0.0011062939884141088,1.4617126249941066,FourierKAN,Collegiate Athlete,1,48737
0.975,0.8571428571428571,1.0,0.75,1.0,0.0007438469910994172,0.01556207099929452,XGBoost,Collegiate Athlete,1,1500
0.975,0.8,1.0,1.0,0.6666666666666666,0.00043706002179533243,1.213696550927125,MLP,Collegiate Athlete,2,3329
0.95,0.6666666666666666,0.9909909909909911,0.6666666666666666,0.6666666666666666,0.0013275170931592584,1.8110363390296698,efficient-kan,Collegiate Athlete,2,3200
0.925,0.0,0.8918918918918919,0.0,0.0,0.0008051929762586951,1.3809508649865165,ChebyKAN,Collegiate Athlete,2,15297
0.975,0.8,0.9459459459459459,1.0,0.6666666666666666,0.0005822440143674612,1.3756134560098872,FastKAN,Collegiate Athlete,2,146017
0.95,0.5,0.9729729729729729,1.0,0.3333333333333333,0.0007160629611462355,1.3920823599910364,WavKAN,Collegiate Athlete,2,109537
0.85,0.0,0.5315315315315314,0.0,0.0,0.000990769942291081,1.4842419229680672,FourierKAN,Collegiate Athlete,2,48737
0.975,0.8571428571428571,1.0,0.75,1.0,0.0005714748986065388,0.011087222956120968,XGBoost,Collegiate Athlete,2,1500
0.925,0.5714285714285714,0.954954954954955,0.5,0.6666666666666666,0.0005146029870957136,1.2144423139980063,MLP,Collegiate Athlete,3,3329
0.95,0.6666666666666666,0.9819819819819819,0.6666666666666666,0.6666666666666666,0.001331749022938311,1.524103703093715,efficient-kan,Collegiate Athlete,3,3200
0.925,0.0,0.8108108108108109,0.0,0.0,0.0009055508999153972,1.3910971690202132,ChebyKAN,Collegiate Athlete,3,15297
0.95,0.5,0.9729729729729729,1.0,0.3333333333333333,0.0006637559272348881,1.3404821100411937,FastKAN,Collegiate Athlete,3,146017
0.925,0.0,1.0,0.0,0.0,0.000959579017944634,1.3850829029688612,WavKAN,Collegiate Athlete,3,109537
0.9,0.0,0.7117117117117118,0.0,0.0,0.0010013979626819491,1.5157508599804714,FourierKAN,Collegiate Athlete,3,48737
0.975,0.8,0.9819819819819819,1.0,0.6666666666666666,0.0005722679197788239,0.010849176091141999,XGBoost,Collegiate Athlete,3,1500
0.975,0.8571428571428571,1.0,0.75,1.0,0.0004988269647583365,1.21323128498625,MLP,Collegiate Athlete,4,3329
0.975,0.8571428571428571,0.9909909909909911,0.75,1.0,0.0012368609895929694,1.4431500950595364,efficient-kan,Collegiate Athlete,4,3200
0.975,0.8,0.9909909909909911,1.0,0.6666666666666666,0.0009101179894059896,1.3721836210461333,ChebyKAN,Collegiate Athlete,4,15297
0.975,0.8571428571428571,1.0,0.75,1.0,0.0006413229275494814,1.3239626940339804,FastKAN,Collegiate Athlete,4,146017
0.95,0.6666666666666666,0.981981981981982,0.6666666666666666,0.6666666666666666,0.0006871588993817568,1.6651739430380985,WavKAN,Collegiate Athlete,4,109537
0.875,0.0,0.6936936936936936,0.0,0.0,0.00099572807084769,1.448442343971692,FourierKAN,Collegiate Athlete,4,48737
1.0,1.0,1.0,1.0,1.0,0.0006528180092573166,0.011086895945481956,XGBoost,Collegiate Athlete,4,1500
0.925,0.0,1.0,0.0,0.0,0.0004923209780827165,1.2428806950338185,MLP,Collegiate Athlete,5,3329
0.925,0.0,1.0,0.0,0.0,0.0013425019569694996,1.4837025839369744,efficient-kan,Collegiate Athlete,5,3200
0.95,0.5,0.7207207207207207,1.0,0.3333333333333333,0.0008778190240263939,1.3473311390262097,ChebyKAN,Collegiate Athlete,5,15297
0.95,0.5,0.7117117117117117,1.0,0.3333333333333333,0.0006235630717128515,1.3748610300244763,FastKAN,Collegiate Athlete,5,146017
0.925,0.0,0.963963963963964,0.0,0.0,0.000651830923743546,1.525363010005094,WavKAN,Collegiate Athlete,5,109537
0.875,0.0,0.2792792792792792,0.0,0.0,0.0010262670693919063,1.4777676170924678,FourierKAN,Collegiate Athlete,5,48737
1.0,1.0,1.0,1.0,1.0,0.0006126780062913895,0.011064830934628844,XGBoost,Collegiate Athlete,5,1500
0.925,0.0,0.9279279279279279,0.0,0.0,0.00047973403707146645,1.2135449179913849,MLP,Collegiate Athlete,6,3329
0.925,0.0,0.9279279279279279,0.0,0.0,0.001302360906265676,1.4719068499980494,efficient-kan,Collegiate Athlete,6,3200
0.95,0.5,0.7117117117117118,1.0,0.3333333333333333,0.0008564789313822985,1.354927891981788,ChebyKAN,Collegiate Athlete,6,15297
0.925,0.0,0.5945945945945945,0.0,0.0,0.0005827950080856681,1.3433356129098684,FastKAN,Collegiate Athlete,6,146017
0.925,0.0,0.44144144144144143,0.0,0.0,0.0006970979738980532,1.3576091979630291,WavKAN,Collegiate Athlete,6,109537
0.825,0.0,0.46846846846846846,0.0,0.0,0.0008718339959159493,1.398333698976785,FourierKAN,Collegiate Athlete,6,48737
0.95,0.5,0.9729729729729729,1.0,0.3333333333333333,0.0005397889763116837,0.010336115024983883,XGBoost,Collegiate Athlete,6,1500
0.95,0.5,0.9459459459459459,1.0,0.3333333333333333,0.0003949019592255354,1.1985794239444658,MLP,Collegiate Athlete,7,3329
0.95,0.6666666666666666,0.9729729729729729,0.6666666666666666,0.6666666666666666,0.0012097660219296813,1.4415119369514287,efficient-kan,Collegiate Athlete,7,3200
0.95,0.5,0.9819819819819819,1.0,0.3333333333333333,0.0009009269997477531,1.4107514220522717,ChebyKAN,Collegiate Athlete,7,15297
0.95,0.6666666666666666,0.9729729729729729,0.6666666666666666,0.6666666666666666,0.0006183530203998089,1.5425383080728352,FastKAN,Collegiate Athlete,7,146017
0.975,0.8,0.8018018018018018,1.0,0.6666666666666666,0.0006828829646110535,1.3909999519819394,WavKAN,Collegiate Athlete,7,109537
0.85,0.0,0.6216216216216216,0.0,0.0,0.000985734979622066,1.440017626970075,FourierKAN,Collegiate Athlete,7,48737
1.0,1.0,1.0,1.0,1.0,0.0007000720361247659,0.011124033946543932,XGBoost,Collegiate Athlete,7,1500
0.975,0.8571428571428571,0.9909909909909911,0.75,1.0,0.00044204306323081255,1.206335171009414,MLP,Collegiate Athlete,8,3329
0.95,0.6666666666666666,0.972972972972973,0.6666666666666666,0.6666666666666666,0.0013100740034133196,1.4713541710516438,efficient-kan,Collegiate Athlete,8,3200
0.95,0.5,1.0,1.0,0.3333333333333333,0.0008453470654785633,1.3815161189995706,ChebyKAN,Collegiate Athlete,8,15297
0.95,0.6666666666666666,0.972972972972973,0.6666666666666666,0.6666666666666666,0.0005744571099057794,1.333955137990415,FastKAN,Collegiate Athlete,8,146017
0.95,0.6666666666666666,0.7567567567567567,0.6666666666666666,0.6666666666666666,0.0006418309640139341,1.3675246629863977,WavKAN,Collegiate Athlete,8,109537
0.85,0.0,0.5675675675675675,0.0,0.0,0.0009729799348860979,1.4396341390674934,FourierKAN,Collegiate Athlete,8,48737
1.0,1.0,1.0,1.0,1.0,0.0005757809849455953,0.0112261000322178,XGBoost,Collegiate Athlete,8,1500
0.95,0.5,0.981981981981982,1.0,0.3333333333333333,0.00038028100971132517,1.1926046040607616,MLP,Collegiate Athlete,9,3329
0.975,0.8,0.9909909909909911,1.0,0.6666666666666666,0.0012596260057762265,1.4786700640106574,efficient-kan,Collegiate Athlete,9,3200
0.9,0.0,0.972972972972973,0.0,0.0,0.000861563952639699,1.3522638559807092,ChebyKAN,Collegiate Athlete,9,15297
0.925,0.4,0.8558558558558558,0.5,0.3333333333333333,0.0006028590723872185,1.4300136839738116,FastKAN,Collegiate Athlete,9,146017
0.925,0.0,0.7477477477477478,0.0,0.0,0.0006577540189027786,1.6535427460912615,WavKAN,Collegiate Athlete,9,109537
0.9,0.0,0.18018018018018017,0.0,0.0,0.0009995120344683528,1.4273580610752106,FourierKAN,Collegiate Athlete,9,48737
1.0,1.0,1.0,1.0,1.0,0.0005704780342057347,0.010963089065626264,XGBoost,Collegiate Athlete,9,1500
0.925,0.4,0.981981981981982,0.5,0.3333333333333333,0.00048434489872306585,1.19804613199085,MLP,Collegiate Athlete,10,3329
0.975,0.8571428571428571,0.972972972972973,0.75,1.0,0.0013181850081309676,1.4942507719388232,efficient-kan,Collegiate Athlete,10,3200
0.95,0.5,1.0,1.0,0.3333333333333333,0.0008670809911563993,1.3338841749355197,ChebyKAN,Collegiate Athlete,10,15297
0.95,0.6666666666666666,0.9909909909909911,0.6666666666666666,0.6666666666666666,0.0006284270202741027,1.4492082620272413,FastKAN,Collegiate Athlete,10,146017
0.95,0.5,1.0,1.0,0.3333333333333333,0.000657484051771462,1.3807704850332811,WavKAN,Collegiate Athlete,10,109537
0.875,0.0,0.29729729729729726,0.0,0.0,0.0010100631043314934,1.4452321210410446,FourierKAN,Collegiate Athlete,10,48737
1.0,1.0,1.0,1.0,1.0,0.0005732739809900522,0.011081704986281693,XGBoost,Collegiate Athlete,10,1500
0.925,0.4,0.9549549549549549,0.5,0.3333333333333333,0.0004784100456163287,1.2145592500455678,MLP,Collegiate Athlete,11,3329
0.95,0.6666666666666666,0.9549549549549549,0.6666666666666666,0.6666666666666666,0.0012741859536617994,1.5067930009681731,efficient-kan,Collegiate Athlete,11,3200
0.95,0.5,0.6846846846846847,1.0,0.3333333333333333,0.0008956430247053504,1.3622453470015898,ChebyKAN,Collegiate Athlete,11,15297
0.95,0.6666666666666666,0.9909909909909911,0.6666666666666666,0.6666666666666666,0.0006331210024654865,1.3762220239732414,FastKAN,Collegiate Athlete,11,146017
0.925,0.0,0.972972972972973,0.0,0.0,0.0006700799567624927,1.3717893810244277,WavKAN,Collegiate Athlete,11,109537
0.85,0.0,0.8108108108108107,0.0,0.0,0.001001692027784884,1.456068683997728,FourierKAN,Collegiate Athlete,11,48737
0.95,0.6666666666666666,0.8378378378378378,0.6666666666666666,0.6666666666666666,0.0006188459228724241,0.010605293093249202,XGBoost,Collegiate Athlete,11,1500
0.925,0.6666666666666666,0.9729729729729729,0.5,1.0,0.0003956090658903122,1.1952829920919612,MLP,Collegiate Athlete,12,3329
0.95,0.75,0.954954954954955,0.6,1.0,0.0013718620175495744,1.4741229619830847,efficient-kan,Collegiate Athlete,12,3200
0.95,0.5,0.9279279279279279,1.0,0.3333333333333333,0.0007560220547020435,1.3774076650151983,ChebyKAN,Collegiate Athlete,12,15297
0.85,0.0,0.8558558558558559,0.0,0.0,0.0006216500187292695,1.3129155960632488,FastKAN,Collegiate Athlete,12,146017
0.95,0.5,0.9459459459459459,1.0,0.3333333333333333,0.0006320789689198136,1.3537353749852628,WavKAN,Collegiate Athlete,12,109537
0.9,0.0,0.8468468468468469,0.0,0.0,0.0008681219769641757,1.4090028250357136,FourierKAN,Collegiate Athlete,12,48737
0.975,0.8571428571428571,1.0,0.75,1.0,0.0005469119641929865,0.01087621203623712,XGBoost,Collegiate Athlete,12,1500
0.95,0.6666666666666666,0.9909909909909911,0.6666666666666666,0.6666666666666666,0.00037488702218979597,1.181889186031185,MLP,Collegiate Athlete,13,3329
1.0,1.0,1.0,1.0,1.0,0.0011840499937534332,1.4297479430679232,efficient-kan,Collegiate Athlete,13,3200
0.925,0.0,1.0,0.0,0.0,0.0007827669614925981,1.3437624180223793,ChebyKAN,Collegiate Athlete,13,15297
0.95,0.5,1.0,1.0,0.3333333333333333,0.0005261220503598452,1.3043715419480577,FastKAN,Collegiate Athlete,13,146017
0.95,0.5,1.0,1.0,0.3333333333333333,0.0006045459304004908,1.3557261999230832,WavKAN,Collegiate Athlete,13,109537
0.825,0.0,0.12612612612612611,0.0,0.0,0.0008847820572555065,1.4035009040962905,FourierKAN,Collegiate Athlete,13,48737
1.0,1.0,1.0,1.0,1.0,0.0005493690259754658,0.010778933065012097,XGBoost,Collegiate Athlete,13,1500
1.0,1.0,1.0,1.0,1.0,0.00039732002187520266,1.1694298409856856,MLP,Collegiate Athlete,14,3329
0.9,0.0,0.963963963963964,0.0,0.0,0.0011902119731530547,1.4388228979660198,efficient-kan,Collegiate Athlete,14,3200
0.925,0.0,0.945945945945946,0.0,0.0,0.0010116620687767863,1.4339710660278797,ChebyKAN,Collegiate Athlete,14,15297
0.95,0.6666666666666666,0.9909909909909911,0.6666666666666666,0.6666666666666666,0.0006153839640319347,1.386261853040196,FastKAN,Collegiate Athlete,14,146017
0.925,0.0,0.9459459459459459,0.0,0.0,0.0006112569244578481,1.389765499974601,WavKAN,Collegiate Athlete,14,109537
0.875,0.0,0.30630630630630634,0.0,0.0,0.0009944479679688811,1.4059559180168435,FourierKAN,Collegiate Athlete,14,48737
0.975,0.8571428571428571,1.0,0.75,1.0,0.0005769749404862523,0.010907695977948606,XGBoost,Collegiate Athlete,14,1500
0.95,0.5,0.945945945945946,1.0,0.3333333333333333,0.00048054999206215143,1.2098326869308949,MLP,Collegiate Athlete,15,3329
0.95,0.6666666666666666,0.9729729729729729,0.6666666666666666,0.6666666666666666,0.0012750349706038833,1.4802797860465944,efficient-kan,Collegiate Athlete,15,3200
0.925,0.0,0.9459459459459459,0.0,0.0,0.0007967690471559763,1.3452328299172223,ChebyKAN,Collegiate Athlete,15,15297
0.925,0.4,0.972972972972973,0.5,0.3333333333333333,0.0006242110393941402,1.3272282190155238,FastKAN,Collegiate Athlete,15,146017
0.95,0.5,0.9909909909909911,1.0,0.3333333333333333,0.0006893280660733581,1.374613314983435,WavKAN,Collegiate Athlete,15,109537
0.875,0.0,0.2342342342342342,0.0,0.0,0.0009950019884854555,1.4311712789349258,FourierKAN,Collegiate Athlete,15,48737
0.975,0.8571428571428571,1.0,0.75,1.0,0.0006162549834698439,0.011040259967558086,XGBoost,Collegiate Athlete,15,1500
0.95,0.5,1.0,1.0,0.3333333333333333,0.00039787404239177704,1.1824790990212932,MLP,Collegiate Athlete,16,3329
0.95,0.5,0.963963963963964,1.0,0.3333333333333333,0.0012099349405616522,1.4378046779893339,efficient-kan,Collegiate Athlete,16,3200
0.925,0.0,0.8828828828828829,0.0,0.0,0.000757326022721827,1.3021535959560424,ChebyKAN,Collegiate Athlete,16,15297
0.95,0.6666666666666666,0.963963963963964,0.6666666666666666,0.6666666666666666,0.0006087139481678605,1.3570208650780842,FastKAN,Collegiate Athlete,16,146017
0.925,0.0,0.9459459459459459,0.0,0.0,0.000677434029057622,1.399858671007678,WavKAN,Collegiate Athlete,16,109537
0.925,0.0,0.39639639639639634,0.0,0.0,0.0009355199290439487,1.4651449549710378,FourierKAN,Collegiate Athlete,16,48737
0.95,0.75,0.9639639639639639,0.6,1.0,0.0005765840178355575,0.010579855996184051,XGBoost,Collegiate Athlete,16,1500
0.95,0.5,1.0,1.0,0.3333333333333333,0.00047869898844510317,1.2086271189618856,MLP,Collegiate Athlete,17,3329
0.95,0.5,1.0,1.0,0.3333333333333333,0.0013105960097163916,1.4743022309849039,efficient-kan,Collegiate Athlete,17,3200
0.925,0.0,0.9099099099099099,0.0,0.0,0.0008235099958255887,1.3478147020796314,ChebyKAN,Collegiate Athlete,17,15297
0.95,0.5,0.8108108108108107,1.0,0.3333333333333333,0.0006179490592330694,1.3593294919701293,FastKAN,Collegiate Athlete,17,146017
0.925,0.0,0.963963963963964,0.0,0.0,0.0006604730151593685,1.398932566982694,WavKAN,Collegiate Athlete,17,109537
0.875,0.2857142857142857,0.5225225225225225,0.25,0.3333333333333333,0.0009528180817142129,1.4633562309900299,FourierKAN,Collegiate Athlete,17,48737
0.975,0.8,1.0,1.0,0.6666666666666666,0.0006226740079000592,0.01115978101734072,XGBoost,Collegiate Athlete,17,1500
0.925,0.0,0.8648648648648649,0.0,0.0,0.0004780279705300927,1.2049243719084188,MLP,Collegiate Athlete,18,3329
0.9,0.0,0.972972972972973,0.0,0.0,0.0014378599589690566,1.4648104869993404,efficient-kan,Collegiate Athlete,18,3200
0.925,0.0,0.8018018018018018,0.0,0.0,0.000823314068838954,1.4689163529546931,ChebyKAN,Collegiate Athlete,18,15297
0.925,0.0,0.7207207207207207,0.0,0.0,0.0005783069645985961,1.3142550389748067,FastKAN,Collegiate Athlete,18,146017
0.925,0.0,0.6846846846846847,0.0,0.0,0.0006941130850464106,1.4917900030268356,WavKAN,Collegiate Athlete,18,109537
0.875,0.0,0.2882882882882883,0.0,0.0,0.0009787509916350245,1.5046414620010182,FourierKAN,Collegiate Athlete,18,48737
1.0,1.0,1.0,1.0,1.0,0.0006500990130007267,0.011010808986611664,XGBoost,Collegiate Athlete,18,1500
0.925,0.4,0.9549549549549549,0.5,0.3333333333333333,0.0004985779523849487,1.211430842988193,MLP,Collegiate Athlete,19,3329
0.9,0.0,0.918918918918919,0.0,0.0,0.0011643680045381188,1.444879229995422,efficient-kan,Collegiate Athlete,19,3200
0.925,0.0,0.8558558558558558,0.0,0.0,0.0007462439825758338,1.3115115830441937,ChebyKAN,Collegiate Athlete,19,15297
0.875,0.0,0.918918918918919,0.0,0.0,0.0005443409318104386,1.322684808052145,FastKAN,Collegiate Athlete,19,146017
0.95,0.5,0.8288288288288288,1.0,0.3333333333333333,0.0005874800262972713,1.3493336809333414,WavKAN,Collegiate Athlete,19,109537
0.9,0.0,0.5855855855855856,0.0,0.0,0.000994357978925109,1.4206905659520999,FourierKAN,Collegiate Athlete,19,48737
0.925,0.0,0.8558558558558559,0.0,0.0,0.0005925700534135103,0.010237638023681939,XGBoost,Collegiate Athlete,19,1500
0.95,0.5,0.963963963963964,1.0,0.3333333333333333,0.0004824969219043851,1.2333495890488848,MLP,Collegiate Athlete,20,3329
0.95,0.5,0.963963963963964,1.0,0.3333333333333333,0.0013324510073289275,1.4850207389099523,efficient-kan,Collegiate Athlete,20,3200
0.95,0.5,0.7117117117117117,1.0,0.3333333333333333,0.0008791519794613123,1.3832032539648935,ChebyKAN,Collegiate Athlete,20,15297
0.95,0.5,0.9009009009009009,1.0,0.3333333333333333,0.0005942709976807237,1.475892978021875,FastKAN,Collegiate Athlete,20,146017
0.925,0.0,0.945945945945946,0.0,0.0,0.0006691348971799016,1.3826101609738544,WavKAN,Collegiate Athlete,20,109537
0.85,0.25,0.32432432432432434,0.2,0.3333333333333333,0.0008663670159876347,1.3758344709640369,FourierKAN,Collegiate Athlete,20,48737
0.975,0.8,0.8468468468468469,1.0,0.6666666666666666,0.0005364000098779798,0.01026849600020796,XGBoost,Collegiate Athlete,20,1500
0.9,0.5,0.936936936936937,0.4,0.6666666666666666,0.00046950497198849916,1.3256977569544688,MLP,Collegiate Athlete,21,3329
0.9,0.3333333333333333,0.9369369369369369,0.3333333333333333,0.3333333333333333,0.0012569120153784752,1.5271282219327986,efficient-kan,Collegiate Athlete,21,3200
0.95,0.5,0.6756756756756757,1.0,0.3333333333333333,0.0007841250626370311,1.344362118979916,ChebyKAN,Collegiate Athlete,21,15297
0.875,0.2857142857142857,0.7837837837837838,0.25,0.3333333333333333,0.0005945820594206452,1.3432374940020964,FastKAN,Collegiate Athlete,21,146017
0.95,0.5,0.7927927927927927,1.0,0.3333333333333333,0.0006104860221967101,1.364664018037729,WavKAN,Collegiate Athlete,21,109537
0.9,0.0,0.6216216216216216,0.0,0.0,0.0010240909177809954,1.5291547649540007,FourierKAN,Collegiate Athlete,21,48737
0.925,0.5714285714285714,0.972972972972973,0.5,0.6666666666666666,0.0005695979343727231,0.010724741965532303,XGBoost,Collegiate Athlete,21,1500
0.95,0.5,0.945945945945946,1.0,0.3333333333333333,0.000435382011346519,1.213612594990991,MLP,Collegiate Athlete,22,3329
0.925,0.4,0.945945945945946,0.5,0.3333333333333333,0.0013052589492872357,1.5411971850553527,efficient-kan,Collegiate Athlete,22,3200
0.925,0.0,0.936936936936937,0.0,0.0,0.0008855839259922504,1.397989294026047,ChebyKAN,Collegiate Athlete,22,15297
0.925,0.4,0.981981981981982,0.5,0.3333333333333333,0.0005688100354745984,1.371245427057147,FastKAN,Collegiate Athlete,22,146017
0.9,0.0,0.8828828828828829,0.0,0.0,0.0005889839958399534,1.3773423819802701,WavKAN,Collegiate Athlete,22,109537
0.875,0.0,0.8198198198198198,0.0,0.0,0.0009071551030501723,1.426706008031033,FourierKAN,Collegiate Athlete,22,48737
0.95,0.6666666666666666,0.7837837837837838,0.6666666666666666,0.6666666666666666,0.0005561599973589182,0.01015790505334735,XGBoost,Collegiate Athlete,22,1500
0.925,0.5714285714285714,0.963963963963964,0.5,0.6666666666666666,0.0003832760266959667,1.189583015977405,MLP,Collegiate Athlete,23,3329
0.925,0.5714285714285714,0.9459459459459459,0.5,0.6666666666666666,0.0013391509419307113,1.5099055020837113,efficient-kan,Collegiate Athlete,23,3200
0.925,0.0,0.9189189189189189,0.0,0.0,0.000904651009477675,1.3900938279693946,ChebyKAN,Collegiate Athlete,23,15297
0.875,0.2857142857142857,0.9369369369369369,0.25,0.3333333333333333,0.0006150240078568459,1.351075732964091,FastKAN,Collegiate Athlete,23,146017
0.925,0.0,0.8198198198198199,0.0,0.0,0.0007028731051832438,1.3815702860010788,WavKAN,Collegiate Athlete,23,109537
0.875,0.0,0.4414414414414414,0.0,0.0,0.000995115959085524,1.4415907259099185,FourierKAN,Collegiate Athlete,23,48737
0.95,0.75,1.0,0.6,1.0,0.0006123959319666028,0.010905456030741334,XGBoost,Collegiate Athlete,23,1500
0.925,0.5714285714285714,0.9729729729729729,0.5,0.6666666666666666,0.0004253980005159974,1.2337364619597793,MLP,Collegiate Athlete,24,3329
0.925,0.4,0.954954954954955,0.5,0.3333333333333333,0.001221790094859898,1.4469118090346456,efficient-kan,Collegiate Athlete,24,3200
0.95,0.5,0.7837837837837838,1.0,0.3333333333333333,0.0008096980163827538,1.3317430309252813,ChebyKAN,Collegiate Athlete,24,15297
0.925,0.4,0.9189189189189189,0.5,0.3333333333333333,0.0005524029256775975,1.3066265480592847,FastKAN,Collegiate Athlete,24,146017
0.95,0.5,0.8378378378378379,1.0,0.3333333333333333,0.0007127310382202268,1.363756361999549,WavKAN,Collegiate Athlete,24,109537
0.875,0.0,0.5405405405405406,0.0,0.0,0.0009297240758314729,1.4153120459523052,FourierKAN,Collegiate Athlete,24,48737
1.0,1.0,1.0,1.0,1.0,0.0005629000952467322,0.011035094037652016,XGBoost,Collegiate Athlete,24,1500
0.975,0.8,1.0,1.0,0.6666666666666666,0.0004653800278902054,1.2045635939575732,MLP,Collegiate Athlete,25,3329
0.95,0.5,0.963963963963964,1.0,0.3333333333333333,0.0012438870035111904,1.505471296957694,efficient-kan,Collegiate Athlete,25,3200
0.95,0.5,0.8378378378378379,1.0,0.3333333333333333,0.0008136279648169875,1.3353100749664009,ChebyKAN,Collegiate Athlete,25,15297
0.925,0.0,0.8918918918918919,0.0,0.0,0.0005978860426694155,1.3432226920267567,FastKAN,Collegiate Athlete,25,146017
0.925,0.0,0.7207207207207207,0.0,0.0,0.0006009659264236689,1.3708068169653416,WavKAN,Collegiate Athlete,25,109537
0.925,0.4,0.4954954954954955,0.5,0.3333333333333333,0.000931104994378984,1.4193915768992156,FourierKAN,Collegiate Athlete,25,48737
0.95,0.5,0.8018018018018017,1.0,0.3333333333333333,0.0005762160290032625,0.01040406501851976,XGBoost,Collegiate Athlete,25,1500
0.95,0.6666666666666666,0.9729729729729729,0.6666666666666666,0.6666666666666666,0.0004895130405202508,1.1840281561017036,MLP,Collegiate Athlete,26,3329
0.925,0.0,0.9279279279279279,0.0,0.0,0.0013308939523994923,1.4722829940728843,efficient-kan,Collegiate Athlete,26,3200
0.925,0.0,0.9009009009009009,0.0,0.0,0.0007735999533906579,1.3417076979530975,ChebyKAN,Collegiate Athlete,26,15297
0.875,0.0,0.7477477477477477,0.0,0.0,0.000576274935156107,1.3390060010133311,FastKAN,Collegiate Athlete,26,146017
0.925,0.0,0.7297297297297297,0.0,0.0,0.0007102089002728462,1.3690160650294274,WavKAN,Collegiate Athlete,26,109537
0.85,0.0,0.3333333333333333,0.0,0.0,0.0009924570331349969,1.4947714220033959,FourierKAN,Collegiate Athlete,26,48737
0.975,0.8,0.9819819819819819,1.0,0.6666666666666666,0.000675374991260469,0.010840047034434974,XGBoost,Collegiate Athlete,26,1500
0.9,0.3333333333333333,0.963963963963964,0.3333333333333333,0.3333333333333333,0.00048023799899965525,1.2092325480189174,MLP,Collegiate Athlete,27,3329
0.9,0.0,0.963963963963964,0.0,0.0,0.0012992869596928358,1.5085460409754887,efficient-kan,Collegiate Athlete,27,3200
0.925,0.0,0.8468468468468469,0.0,0.0,0.000901724910363555,1.3862720109755173,ChebyKAN,Collegiate Athlete,27,15297
0.95,0.5,0.8198198198198199,1.0,0.3333333333333333,0.000606885994784534,1.3723740390269086,FastKAN,Collegiate Athlete,27,146017
0.9,0.0,0.6486486486486486,0.0,0.0,0.0006447539199143648,1.3934721020050347,WavKAN,Collegiate Athlete,27,109537
0.825,0.2222222222222222,0.36936936936936937,0.16666666666666666,0.3333333333333333,0.001029970939271152,1.4594288009684533,FourierKAN,Collegiate Athlete,27,48737
0.95,0.75,0.9459459459459459,0.6,1.0,0.0005883700214326382,0.010798085015267134,XGBoost,Collegiate Athlete,27,1500
0.9,0.5,0.9099099099099099,0.4,0.6666666666666666,0.00048087292816489935,1.2690107970265672,MLP,Collegiate Athlete,28,3329
0.925,0.4,0.9009009009009009,0.5,0.3333333333333333,0.0012991270050406456,1.491131880087778,efficient-kan,Collegiate Athlete,28,3200
0.925,0.0,0.8378378378378379,0.0,0.0,0.0007690500933676958,1.3411949860164896,ChebyKAN,Collegiate Athlete,28,15297
0.875,0.2857142857142857,0.8558558558558558,0.25,0.3333333333333333,0.0005361780058592558,1.3086826589424163,FastKAN,Collegiate Athlete,28,146017
0.95,0.5,0.7747747747747749,1.0,0.3333333333333333,0.0006031709490343928,1.350182096939534,WavKAN,Collegiate Athlete,28,109537
0.85,0.0,0.48648648648648646,0.0,0.0,0.0008927909657359123,1.3929867149563506,FourierKAN,Collegiate Athlete,28,48737
0.95,0.5,0.9369369369369369,1.0,0.3333333333333333,0.0005523581057786942,0.010352986049838364,XGBoost,Collegiate Athlete,28,1500
0.9,0.5,0.963963963963964,0.4,0.6666666666666666,0.0004955589538440108,1.2517795810708776,MLP,Collegiate Athlete,29,3329
0.925,0.5714285714285714,0.954954954954955,0.5,0.6666666666666666,0.001371001941151917,1.492582664010115,efficient-kan,Collegiate Athlete,29,3200
0.925,0.0,0.8198198198198198,0.0,0.0,0.0009289609733968973,1.38020201807376,ChebyKAN,Collegiate Athlete,29,15297
0.9,0.5,0.9369369369369369,0.4,0.6666666666666666,0.000645785010419786,1.356233288999647,FastKAN,Collegiate Athlete,29,146017
0.9,0.0,0.9189189189189189,0.0,0.0,0.0006917620776221156,1.364271395956166,WavKAN,Collegiate Athlete,29,109537
0.875,0.0,0.5495495495495495,0.0,0.0,0.000989546999335289,1.5515651910100132,FourierKAN,Collegiate Athlete,29,48737
0.975,0.8,0.8558558558558558,1.0,0.6666666666666666,0.0005679979221895337,0.01074499695096165,XGBoost,Collegiate Athlete,29,1500
0.925,0.0,0.9189189189189189,0.0,0.0,0.0004541210364550352,1.2026522309752181,MLP,Collegiate Athlete,30,3329
0.9,0.3333333333333333,0.918918918918919,0.3333333333333333,0.3333333333333333,0.0012594240251928568,1.5728381340159103,efficient-kan,Collegiate Athlete,30,3200
0.925,0.0,0.9099099099099099,0.0,0.0,0.0008737170137465,1.354284605011344,ChebyKAN,Collegiate Athlete,30,15297
0.9,0.0,0.882882882882883,0.0,0.0,0.0006354040233418345,1.3446532239904627,FastKAN,Collegiate Athlete,30,146017
0.925,0.0,0.5675675675675675,0.0,0.0,0.0005993170198053122,1.3424320600461215,WavKAN,Collegiate Athlete,30,109537
0.875,0.0,0.6936936936936937,0.0,0.0,0.0009883620077744126,1.5466101780766621,FourierKAN,Collegiate Athlete,30,48737
0.95,0.6666666666666666,0.9369369369369369,0.6666666666666666,0.6666666666666666,0.0005765209207311273,0.010373331955634058,XGBoost,Collegiate Athlete,30,1500
0.51,0.5462962962962963,0.5166999999999999,0.5086206896551724,0.59,0.0005021221004426479,2.1198467870708555,MLP,Injury Data,1,3329
0.51,0.5196078431372549,0.5194000000000001,0.5096153846153846,0.53,0.0013488030526787043,2.357243763981387,efficient-kan,Injury Data,1,3200
0.455,0.4630541871921182,0.4785,0.4563106796116505,0.47,0.0008701030164957047,2.1473625450162217,ChebyKAN,Injury Data,1,15297
0.495,0.49246231155778897,0.46349999999999997,0.494949494949495,0.49,0.0006723130354657769,2.59681769402232,FastKAN,Injury Data,1,146017
0.49,0.49,0.49810000000000004,0.49,0.49,0.000749362981878221,2.686960451072082,WavKAN,Injury Data,1,109537
0.495,0.5167464114832536,0.5021,0.4954128440366973,0.54,0.0009202529909089208,2.2140243410831317,FourierKAN,Injury Data,1,48737
0.51,0.5242718446601942,0.48280000000000006,0.5094339622641509,0.54,0.0006579189794138074,0.027561340015381575,XGBoost,Injury Data,1,600
0.48,0.48514851485148514,0.48739999999999994,0.4803921568627451,0.49,0.000394027098082006,1.9993427350418642,MLP,Injury Data,2,3329
0.525,0.5128205128205128,0.5396000000000001,0.5263157894736842,0.5,0.0012106150388717651,2.252394360024482,efficient-kan,Injury Data,2,3200
0.57,0.5784313725490197,0.5639,0.5673076923076923,0.59,0.000802453956566751,2.0737534830113873,ChebyKAN,Injury Data,2,15297
0.46,0.45454545454545453,0.4684,0.45918367346938777,0.45,0.0006344669964164495,2.493591781007126,FastKAN,Injury Data,2,146017
0.46,0.4375,0.48219999999999996,0.45652173913043476,0.42,0.0007139269728213549,2.671678582089953,WavKAN,Injury Data,2,109537
0.485,0.4975609756097561,0.49260000000000004,0.4857142857142857,0.51,0.0009971499675884843,2.303152750013396,FourierKAN,Injury Data,2,48737
0.475,0.467005076142132,0.4268,0.4742268041237113,0.46,0.000778020010329783,0.02798488107509911,XGBoost,Injury Data,2,600
0.51,0.4948453608247423,0.5194,0.5106382978723404,0.48,0.00048142101150006056,1.9893744660075754,MLP,Injury Data,3,3329
0.525,0.5365853658536586,0.5032,0.5238095238095238,0.55,0.0013017549645155668,2.310790561954491,efficient-kan,Injury Data,3,3200
0.56,0.5510204081632653,0.5554,0.5625,0.54,0.0009148799581453204,2.1566415610723197,ChebyKAN,Injury Data,3,15297
0.515,0.4756756756756757,0.5267000000000001,0.5176470588235295,0.44,0.000714995083399117,2.5814982609590515,FastKAN,Injury Data,3,146017
0.57,0.5274725274725275,0.5829,0.5853658536585366,0.48,0.0007100999355316162,2.8827721640700474,WavKAN,Injury Data,3,109537
0.515,0.5174129353233831,0.49579999999999996,0.5148514851485149,0.52,0.0010147528955712914,2.2526290479581803,FourierKAN,Injury Data,3,48737
0.5,0.4897959183673469,0.49670000000000003,0.5,0.48,0.0008797170594334602,0.032374441041611135,XGBoost,Injury Data,3,600
0.515,0.5402843601895735,0.5549,0.5135135135135135,0.57,0.0004878489999100566,2.038293939898722,MLP,Injury Data,4,3329
0.575,0.5771144278606966,0.5879000000000001,0.5742574257425742,0.58,0.001321794930845499,2.268491087947041,efficient-kan,Injury Data,4,3200
0.475,0.4723618090452261,0.5045,0.47474747474747475,0.47,0.0008646809728816152,2.1536592319607735,ChebyKAN,Injury Data,4,15297
0.475,0.5161290322580645,0.49019999999999997,0.47863247863247865,0.56,0.0007286330219358206,2.6833065730752423,FastKAN,Injury Data,4,146017
0.535,0.5326633165829145,0.5472,0.5353535353535354,0.53,0.0006612039869651198,2.744060451979749,WavKAN,Injury Data,4,109537
0.505,0.5263157894736842,0.523,0.5045871559633027,0.55,0.0008697400335222483,2.1474771889625117,FourierKAN,Injury Data,4,48737
0.515,0.5610859728506787,0.508,0.512396694214876,0.62,0.0006556400330737233,0.0274858889169991,XGBoost,Injury Data,4,600
0.52,0.5294117647058824,0.5457,0.5192307692307693,0.54,0.0004129681037738919,1.948852441040799,MLP,Injury Data,5,3329
0.62,0.62,0.6524000000000001,0.62,0.62,0.0015260539948940277,2.1994059369899333,efficient-kan,Injury Data,5,3200
0.57,0.5865384615384616,0.5833,0.5648148148148148,0.61,0.0008680958999320865,2.437158073997125,ChebyKAN,Injury Data,5,15297
0.55,0.53125,0.562,0.5543478260869565,0.51,0.0006902390159666538,2.6716140889329836,FastKAN,Injury Data,5,146017
0.535,0.541871921182266,0.5797999999999999,0.5339805825242718,0.55,0.0006674579344689846,2.6832693769829348,WavKAN,Injury Data,5,109537
0.495,0.45989304812834225,0.4689,0.4942528735632184,0.43,0.0011016430798918009,2.1721202050102875,FourierKAN,Injury Data,5,48737
0.53,0.5346534653465347,0.5463,0.5294117647058824,0.54,0.0008451800094917417,0.028575945063494146,XGBoost,Injury Data,5,600
0.485,0.4717948717948718,0.5189999999999999,0.4842105263157895,0.46,0.00043353799264878035,1.9720485790167004,MLP,Injury Data,6,3329
0.52,0.5339805825242718,0.5095999999999999,0.5188679245283019,0.55,0.0012677919585257769,2.259393863962032,efficient-kan,Injury Data,6,3200
0.49,0.49504950495049505,0.5186999999999999,0.49019607843137253,0.5,0.000799698056653142,2.227874336997047,ChebyKAN,Injury Data,6,15297
0.505,0.547945205479452,0.5015000000000001,0.5042016806722689,0.6,0.000651767011731863,2.5295394570566714,FastKAN,Injury Data,6,146017
0.51,0.5196078431372549,0.5506,0.5096153846153846,0.53,0.0007248010952025652,2.760397130972706,WavKAN,Injury Data,6,109537
0.5,0.5327102803738317,0.5042,0.5,0.57,0.0010220389813184738,2.274674140033312,FourierKAN,Injury Data,6,48737
0.49,0.5,0.4761000000000001,0.49038461538461536,0.51,0.0008359600324183702,0.02834856603294611,XGBoost,Injury Data,6,600
0.52,0.5294117647058824,0.49660000000000004,0.5192307692307693,0.54,0.00046218500938266516,2.13943364599254,MLP,Injury Data,7,3329
0.53,0.5392156862745098,0.5478,0.5288461538461539,0.55,0.0013144520344212651,2.42912665696349,efficient-kan,Injury Data,7,3200
0.5,0.5,0.504,0.5,0.5,0.0009541249601170421,2.4865344469435513,ChebyKAN,Injury Data,7,15297
0.465,0.43386243386243384,0.4356,0.4606741573033708,0.41,0.000660652993246913,2.766269468003884,FastKAN,Injury Data,7,146017
0.52,0.5151515151515151,0.5528,0.5204081632653061,0.51,0.0006626190152019262,2.6099564380710945,WavKAN,Injury Data,7,109537
0.49,0.49,0.4702,0.49,0.49,0.0009017989505082369,2.2147470869822428,FourierKAN,Injury Data,7,48737
0.485,0.5164319248826291,0.47609999999999997,0.48672566371681414,0.55,0.0006808940088376403,0.027491668006405234,XGBoost,Injury Data,7,600
0.46,0.45454545454545453,0.4939,0.45918367346938777,0.45,0.00037928996607661247,1.9393017219845206,MLP,Injury Data,8,3329
0.52,0.48936170212765956,0.5251,0.5227272727272727,0.46,0.0012348180171102285,2.176739605027251,efficient-kan,Injury Data,8,3200
0.5,0.46236559139784944,0.49240000000000006,0.5,0.43,0.0008449379820376635,2.215836165007204,ChebyKAN,Injury Data,8,15297
0.54,0.4888888888888889,0.5491,0.55,0.44,0.0006875479593873024,2.604182649985887,FastKAN,Injury Data,8,146017
0.485,0.4824120603015075,0.4998,0.48484848484848486,0.48,0.0007534379838034511,2.6946579579962417,WavKAN,Injury Data,8,109537
0.525,0.5410628019323671,0.5521,0.5233644859813084,0.56,0.0010087700793519616,2.34101076296065,FourierKAN,Injury Data,8,48737
0.495,0.5073170731707317,0.5193000000000001,0.49523809523809526,0.52,0.0006958289304748178,0.027367486036382616,XGBoost,Injury Data,8,600
0.49,0.47959183673469385,0.5351999999999999,0.4895833333333333,0.47,0.0004901048960164189,2.006568075972609,MLP,Injury Data,9,3329
0.435,0.4205128205128205,0.46109999999999995,0.43157894736842106,0.41,0.001303449971601367,2.262109482078813,efficient-kan,Injury Data,9,3200
0.53,0.5154639175257731,0.5305000000000001,0.5319148936170213,0.5,0.0007874150760471821,2.092276480048895,ChebyKAN,Injury Data,9,15297
0.58,0.5483870967741935,0.5435,0.5930232558139535,0.51,0.0006417299155145884,2.5248001349391416,FastKAN,Injury Data,9,146017
0.475,0.4827586206896552,0.4874,0.47572815533980584,0.49,0.000714082969352603,2.736356114037335,WavKAN,Injury Data,9,109537
0.5,0.5,0.4854,0.5,0.5,0.0010113639291375875,2.359362971968949,FourierKAN,Injury Data,9,48737
0.465,0.4880382775119617,0.47090000000000004,0.46788990825688076,0.51,0.0007541379891335964,0.028201067936606705,XGBoost,Injury Data,9,600
0.54,0.5257731958762887,0.5679000000000001,0.5425531914893617,0.51,0.0004862879868596792,1.9835029499372467,MLP,Injury Data,10,3329
0.54,0.54,0.5699,0.54,0.54,0.0012457870179787278,2.2582323208916932,efficient-kan,Injury Data,10,3200
0.595,0.5888324873096447,0.5765,0.5979381443298969,0.58,0.0008705239742994308,2.1504150070250034,ChebyKAN,Injury Data,10,15297
0.475,0.2857142857142857,0.49445000000000006,0.44680851063829785,0.21,0.0006954589625820518,2.6880434029735625,FastKAN,Injury Data,10,146017
0.485,0.4717948717948718,0.5204,0.4842105263157895,0.46,0.0006590810371562839,2.6774004220496863,WavKAN,Injury Data,10,109537
0.565,0.5628140703517588,0.5541,0.5656565656565656,0.56,0.000889900024048984,2.133019319968298,FourierKAN,Injury Data,10,48737
0.505,0.5123152709359606,0.4854,0.5048543689320388,0.52,0.0006645660614594817,0.02724143594969064,XGBoost,Injury Data,10,600
0.505,0.4816753926701571,0.5147,0.5054945054945055,0.46,0.00040157604962587357,1.9375415690010414,MLP,Injury Data,11,3329
0.545,0.5472636815920398,0.5678,0.5445544554455446,0.55,0.001439720974303782,2.2705304429400712,efficient-kan,Injury Data,11,3200
0.5,0.5098039215686274,0.4844,0.5,0.52,0.0009135759901255369,2.365036455914378,ChebyKAN,Injury Data,11,15297
0.515,0.5529953917050692,0.5243,0.5128205128205128,0.6,0.0007101939991116524,2.6528512669028714,FastKAN,Injury Data,11,146017
0.51,0.51,0.5063,0.51,0.51,0.0007218479877337813,2.6952718580141664,WavKAN,Injury Data,11,109537
0.535,0.5181347150259067,0.5630999999999999,0.5376344086021505,0.5,0.000966344028711319,2.2025990759721026,FourierKAN,Injury Data,11,48737
0.515,0.5125628140703518,0.5185,0.5151515151515151,0.51,0.0007451749406754971,0.03212193597573787,XGBoost,Injury Data,11,600
0.43,0.42424242424242425,0.4354,0.42857142857142855,0.42,0.000424683908931911,2.0114058590261266,MLP,Injury Data,12,3329
0.45,0.45,0.44830000000000003,0.45,0.45,0.0013749769423156977,2.32399406703189,efficient-kan,Injury Data,12,3200
0.49,0.5142857142857142,0.491,0.4909090909090909,0.54,0.0008818329079076648,2.3592109569581226,ChebyKAN,Injury Data,12,15297
0.45,0.4270833333333333,0.458,0.44565217391304346,0.41,0.000712214969098568,2.5915601570159197,FastKAN,Injury Data,12,146017
0.47,0.49523809523809526,0.4839,0.4727272727272727,0.52,0.0007282899459823966,2.6868520559510216,WavKAN,Injury Data,12,109537
0.475,0.4927536231884058,0.4659,0.4766355140186916,0.51,0.0010739240096881986,2.4996012219926342,FourierKAN,Injury Data,12,48737
0.44,0.44554455445544555,0.4232,0.4411764705882353,0.45,0.0008956940146163106,0.029742773971520364,XGBoost,Injury Data,12,600
0.545,0.5081081081081081,0.5367999999999999,0.5529411764705883,0.47,0.0005327441031113267,2.37548497505486,MLP,Injury Data,13,3329
0.505,0.5025125628140703,0.5267,0.5050505050505051,0.5,0.0013334689429029822,2.7887993099866435,efficient-kan,Injury Data,13,3200
0.505,0.4648648648648649,0.5269,0.5058823529411764,0.43,0.0009455869439989328,2.6104848550166935,ChebyKAN,Injury Data,13,15297
0.5,0.6666666666666666,0.5,0.5,1.0,0.0008037809748202562,2.8754095040494576,FastKAN,Injury Data,13,146017
0.51,0.449438202247191,0.5282,0.5128205128205128,0.4,0.0007520950166508555,3.010868532001041,WavKAN,Injury Data,13,109537
0.565,0.5714285714285714,0.5536000000000001,0.5631067961165048,0.58,0.0011076610535383224,2.7587483529932797,FourierKAN,Injury Data,13,48737
0.52,0.5384615384615384,0.5176,0.5185185185185185,0.56,0.0008247719379141927,0.027155273943208158,XGBoost,Injury Data,13,600
0.545,0.5560975609756098,0.5660000000000001,0.5428571428571428,0.57,0.0005010990425944328,1.9970528029371053,MLP,Injury Data,14,3329
0.57,0.5376344086021505,0.5696,0.5813953488372093,0.5,0.0012121800100430846,2.2455696780234575,efficient-kan,Injury Data,14,3200
0.54,0.5208333333333334,0.5522,0.5434782608695652,0.5,0.0007896119495853782,2.070768683915958,ChebyKAN,Injury Data,14,15297
0.49,0.5048543689320388,0.5057,0.49056603773584906,0.52,0.0006505209021270275,2.517005769070238,FastKAN,Injury Data,14,146017
0.51,0.5196078431372549,0.5161,0.5096153846153846,0.53,0.0006571159465238452,2.7112270339857787,WavKAN,Injury Data,14,109537
0.52,0.5247524752475248,0.5568000000000001,0.5196078431372549,0.53,0.0009264979744330049,2.159708061022684,FourierKAN,Injury Data,14,48737
0.51,0.51,0.5254,0.51,0.51,0.0006645850371569395,0.02713313396088779,XGBoost,Injury Data,14,600
0.47,0.45918367346938777,0.49889999999999995,0.46875,0.45,0.0004614950157701969,2.0120546480175108,MLP,Injury Data,15,3329
0.515,0.526829268292683,0.5634,0.5142857142857142,0.54,0.0012836679816246033,2.2200475790305063,efficient-kan,Injury Data,15,3200
0.515,0.5358851674641149,0.5535000000000001,0.5137614678899083,0.56,0.0009143790230154991,2.081471705925651,ChebyKAN,Injury Data,15,15297
0.515,0.49740932642487046,0.5417,0.5161290322580645,0.48,0.000642125029116869,2.656353911035694,FastKAN,Injury Data,15,146017
0.515,0.526829268292683,0.512,0.5142857142857142,0.54,0.0007717260159552097,2.823033483000472,WavKAN,Injury Data,15,109537
0.465,0.46766169154228854,0.4656,0.46534653465346537,0.47,0.0009836340323090553,2.188978709978983,FourierKAN,Injury Data,15,48737
0.51,0.5050505050505051,0.48369999999999996,0.5102040816326531,0.5,0.0007634860230609775,0.02759859396610409,XGBoost,Injury Data,15,600
0.55,0.5212765957446809,0.5616999999999999,0.5568181818181818,0.49,0.00040967308450490236,2.037127192947082,MLP,Injury Data,16,3329
0.525,0.5454545454545454,0.556,0.5229357798165137,0.57,0.0011939560063183308,2.283689965028316,efficient-kan,Injury Data,16,3200
0.54,0.5306122448979592,0.5277000000000001,0.5416666666666666,0.52,0.0008547450415790081,2.253568509942852,ChebyKAN,Injury Data,16,15297
0.575,0.5454545454545454,0.5628,0.5862068965517241,0.51,0.0006698629586026073,2.697395696071908,FastKAN,Injury Data,16,146017
0.53,0.5204081632653061,0.5347,0.53125,0.51,0.0007050929125398397,2.6775778259616345,WavKAN,Injury Data,16,109537
0.525,0.4864864864864865,0.5107999999999999,0.5294117647058824,0.45,0.0008505210280418396,2.1560593369649723,FourierKAN,Injury Data,16,48737
0.475,0.46153846153846156,0.4722,0.47368421052631576,0.45,0.0006739279488101602,0.027920698979869485,XGBoost,Injury Data,16,600
0.465,0.46766169154228854,0.4405,0.46534653465346537,0.47,0.0003940240712836385,1.9866017339518294,MLP,Injury Data,17,3329
0.47,0.5,0.4714,0.4732142857142857,0.53,0.0011995380045846105,2.3067003820324317,efficient-kan,Injury Data,17,3200
0.475,0.450261780104712,0.5084,0.4725274725274725,0.43,0.0008007969008758664,2.075799320009537,ChebyKAN,Injury Data,17,15297
0.46,0.47058823529411764,0.45439999999999997,0.46153846153846156,0.48,0.0006456589326262474,2.548689041985199,FastKAN,Injury Data,17,146017
0.465,0.4880382775119617,0.4652,0.46788990825688076,0.51,0.0007557490607723594,2.9716585830319673,WavKAN,Injury Data,17,109537
0.49,0.49,0.4595,0.49,0.49,0.0009976780274882913,2.716074962983839,FourierKAN,Injury Data,17,48737
0.49,0.49504950495049505,0.4306,0.49019607843137253,0.5,0.000702428980730474,0.027465877938084304,XGBoost,Injury Data,17,600
0.47,0.4421052631578947,0.4977,0.4666666666666667,0.42,0.0004684349987655878,2.1559496860718355,MLP,Injury Data,18,3329
0.515,0.48128342245989303,0.5239,0.5172413793103449,0.45,0.0013860639883205295,2.41879212600179,efficient-kan,Injury Data,18,3200
0.535,0.5326633165829145,0.5381,0.5353535353535354,0.53,0.000843942048959434,2.202348691993393,ChebyKAN,Injury Data,18,15297
0.5,0.0,0.5051,0.0,0.0,0.0006459549767896533,2.5955619090236723,FastKAN,Injury Data,18,146017
0.515,0.5076142131979695,0.5388999999999999,0.5154639175257731,0.5,0.0006656029727309942,2.61656526196748,WavKAN,Injury Data,18,109537
0.46,0.45454545454545453,0.461,0.45918367346938777,0.45,0.0010322399903088808,2.3192019179696217,FourierKAN,Injury Data,18,48737
0.5,0.47368421052631576,0.5208000000000002,0.5,0.45,0.0008329940028488636,0.02747661096509546,XGBoost,Injury Data,18,600
0.545,0.5517241379310345,0.5367999999999999,0.5436893203883495,0.56,0.0004935889737680554,2.026881232042797,MLP,Injury Data,19,3329
0.52,0.52,0.5535,0.52,0.52,0.0013123999815434217,2.3191740280017257,efficient-kan,Injury Data,19,3200
0.475,0.450261780104712,0.46510000000000007,0.4725274725274725,0.43,0.0009310820605605841,2.264080118970014,ChebyKAN,Injury Data,19,15297
0.56,0.5416666666666666,0.5465,0.5652173913043478,0.52,0.0007129620062187314,2.7663175410125405,FastKAN,Injury Data,19,146017
0.585,0.5654450261780105,0.5765,0.5934065934065934,0.54,0.000723914010450244,2.8332860179943964,WavKAN,Injury Data,19,109537
0.47,0.4752475247524752,0.4672,0.47058823529411764,0.48,0.0009347399463877082,2.2345412940485403,FourierKAN,Injury Data,19,48737
0.605,0.6069651741293532,0.6085,0.6039603960396039,0.61,0.0006606029346585274,0.027472996967844665,XGBoost,Injury Data,19,600
0.465,0.47804878048780486,0.4767,0.4666666666666667,0.49,0.0004191100597381592,1.937744896975346,MLP,Injury Data,20,3329
0.5,0.5370370370370371,0.49849999999999994,0.5,0.58,0.0012339159147813916,2.1884369290200993,efficient-kan,Injury Data,20,3200
0.555,0.538860103626943,0.5821000000000001,0.5591397849462365,0.52,0.0007816599681973457,2.0676462000701576,ChebyKAN,Injury Data,20,15297
0.48,0.48514851485148514,0.4854,0.4803921568627451,0.49,0.0006556909065693617,2.5112498580710962,FastKAN,Injury Data,20,146017
0.51,0.5050505050505051,0.502,0.5102040816326531,0.5,0.0006654680473729968,2.6821171860210598,WavKAN,Injury Data,20,109537
0.51,0.5288461538461539,0.4724,0.5092592592592593,0.55,0.0010224819416180253,2.3756846559699625,FourierKAN,Injury Data,20,48737
0.515,0.5529953917050692,0.4784,0.5128205128205128,0.6,0.0009087880607694387,0.029057735111564398,XGBoost,Injury Data,20,600
0.475,0.450261780104712,0.5014,0.4725274725274725,0.43,0.0004975950578227639,2.0199532490223646,MLP,Injury Data,21,3329
0.575,0.5893719806763285,0.6202000000000001,0.5700934579439252,0.61,0.0013265949673950672,2.303670641966164,efficient-kan,Injury Data,21,3200
0.51,0.5,0.5305,0.5104166666666666,0.49,0.0008839711081236601,2.309847544063814,ChebyKAN,Injury Data,21,15297
0.5,0.0,0.505,0.0,0.0,0.0007318439893424511,2.743309015990235,FastKAN,Injury Data,21,146017
0.535,0.541871921182266,0.536,0.5339805825242718,0.55,0.0007280209101736546,2.792028176947497,WavKAN,Injury Data,21,109537
0.49,0.5048543689320388,0.4945,0.49056603773584906,0.52,0.00087513099424541,2.226858431007713,FourierKAN,Injury Data,21,48737
0.48,0.48,0.4897,0.48,0.48,0.0006601930363103747,0.027251931023783982,XGBoost,Injury Data,21,600
0.55,0.5408163265306123,0.5754,0.5520833333333334,0.53,0.0004038410261273384,1.9271843590540811,MLP,Injury Data,22,3329
0.525,0.5365853658536586,0.5597,0.5238095238095238,0.55,0.0013091579312458634,2.345370546914637,efficient-kan,Injury Data,22,3200
0.55,0.5714285714285714,0.5448,0.5454545454545454,0.6,0.0008926880545914173,2.2993636319879442,ChebyKAN,Injury Data,22,15297
0.54,0.41025641025641024,0.5553,0.5714285714285714,0.32,0.0007128469878807664,2.7177948540775105,FastKAN,Injury Data,22,146017
0.48,0.5047619047619047,0.503,0.4818181818181818,0.53,0.0007324520265683532,2.627279569976963,WavKAN,Injury Data,22,109537
0.52,0.5247524752475248,0.5283,0.5196078431372549,0.53,0.0009217399638146162,2.16817549103871,FourierKAN,Injury Data,22,48737
0.48,0.4583333333333333,0.5177,0.4782608695652174,0.44,0.0007823089836165309,0.027581159956753254,XGBoost,Injury Data,22,600
0.535,0.5373134328358209,0.5447,0.5346534653465347,0.54,0.0004897980252280831,2.0603020840790123,MLP,Injury Data,23,3329
0.49,0.48484848484848486,0.5089,0.4897959183673469,0.48,0.0012483239406719804,2.3219898409442976,efficient-kan,Injury Data,23,3200
0.52,0.4725274725274725,0.5269,0.524390243902439,0.43,0.0008042689878493547,2.173254346009344,ChebyKAN,Injury Data,23,15297
0.49,0.6506849315068494,0.4180499999999999,0.4947916666666667,0.95,0.0006474660476669669,2.5188551449682564,FastKAN,Injury Data,23,146017
0.47,0.4421052631578947,0.49319999999999997,0.4666666666666667,0.42,0.0006717469077557325,2.61698387702927,WavKAN,Injury Data,23,109537
0.57,0.5784313725490197,0.6156999999999999,0.5673076923076923,0.59,0.0008623739704489708,2.2416950290789828,FourierKAN,Injury Data,23,48737
0.52,0.49473684210526314,0.5250000000000001,0.5222222222222223,0.47,0.0006601839559152722,0.02751096594147384,XGBoost,Injury Data,23,600
0.54,0.5257731958762887,0.5666,0.5425531914893617,0.51,0.0004901520442217588,1.993527001934126,MLP,Injury Data,24,3329
0.56,0.5728155339805825,0.5749,0.5566037735849056,0.59,0.001215863972902298,2.242625162936747,efficient-kan,Injury Data,24,3200
0.555,0.5615763546798029,0.5712,0.5533980582524272,0.57,0.0009118090383708477,2.2530560350278392,ChebyKAN,Injury Data,24,15297
0.58,0.475,0.5688499999999999,0.6333333333333333,0.38,0.0006876949919387698,2.5918667310616,FastKAN,Injury Data,24,146017
0.535,0.5181347150259067,0.5214000000000001,0.5376344086021505,0.5,0.0007311529479920864,2.6806089769816026,WavKAN,Injury Data,24,109537
0.485,0.49261083743842365,0.48590000000000005,0.4854368932038835,0.5,0.0010010830592364073,2.320317678968422,FourierKAN,Injury Data,24,48737
0.54,0.5576923076923077,0.5716000000000001,0.5370370370370371,0.58,0.0006888080388307571,0.027008545002900064,XGBoost,Injury Data,24,600
0.5,0.5098039215686274,0.4943,0.5,0.52,0.00046819099225103855,1.973417310975492,MLP,Injury Data,25,3329
0.495,0.4712041884816754,0.5139,0.4945054945054945,0.45,0.0012926969211548567,2.2750737379537895,efficient-kan,Injury Data,25,3200
0.505,0.5025125628140703,0.5131,0.5050505050505051,0.5,0.0008806760888546705,2.142180226976052,ChebyKAN,Injury Data,25,15297
0.495,0.40236686390532544,0.46459999999999996,0.4927536231884058,0.34,0.0006932920077815652,2.8580393120646477,FastKAN,Injury Data,25,146017
0.555,0.5615763546798029,0.5487999999999998,0.5533980582524272,0.57,0.0007284189341589808,2.7721861710306257,WavKAN,Injury Data,25,109537
0.545,0.5133689839572193,0.5411999999999999,0.5517241379310345,0.48,0.0009797889506444335,2.4102639210177585,FourierKAN,Injury Data,25,48737
0.49,0.48484848484848486,0.49470000000000003,0.4897959183673469,0.48,0.0008399339858442545,0.02807950205169618,XGBoost,Injury Data,25,600
0.52,0.5247524752475248,0.5371,0.5196078431372549,0.53,0.0004923570668324828,2.047812960925512,MLP,Injury Data,26,3329
0.565,0.5671641791044776,0.5553,0.5643564356435643,0.57,0.0013294450473040342,2.295360065996647,efficient-kan,Injury Data,26,3200
0.505,0.48704663212435234,0.5526,0.5053763440860215,0.47,0.0008170439396053553,2.1292006430448964,ChebyKAN,Injury Data,26,15297
0.5,0.5145631067961165,0.5043,0.5,0.53,0.0006431449437513947,2.6131295210216194,FastKAN,Injury Data,26,146017
0.49,0.4742268041237113,0.5015000000000001,0.48936170212765956,0.46,0.0006437810370698571,2.701030633994378,WavKAN,Injury Data,26,109537
0.52,0.5151515151515151,0.5232,0.5204081632653061,0.51,0.0008797260234132409,2.139004149939865,FourierKAN,Injury Data,26,48737
0.455,0.4630541871921182,0.4621,0.4563106796116505,0.47,0.0006556679727509618,0.027064668014645576,XGBoost,Injury Data,26,600
0.515,0.49214659685863876,0.5305,0.5164835164835165,0.47,0.0003995889564976096,1.9329318100353703,MLP,Injury Data,27,3329
0.415,0.4120603015075377,0.44009999999999994,0.41414141414141414,0.41,0.001224350999109447,2.2012057949323207,efficient-kan,Injury Data,27,3200
0.5,0.47368421052631576,0.5202,0.5,0.45,0.0008951999479904771,2.393082757946104,ChebyKAN,Injury Data,27,15297
0.49,0.37037037037037035,0.56155,0.4838709677419355,0.3,0.0007252120412886143,2.7962085019098595,FastKAN,Injury Data,27,146017
0.44,0.4105263157894737,0.4549,0.43333333333333335,0.39,0.0006932409014552832,2.738366000005044,WavKAN,Injury Data,27,109537
0.485,0.4717948717948718,0.4734,0.4842105263157895,0.46,0.0010462640784680843,2.2547141270479187,FourierKAN,Injury Data,27,48737
0.505,0.49230769230769234,0.5005999999999999,0.5052631578947369,0.48,0.000805443967692554,0.026818560087122023,XGBoost,Injury Data,27,600
0.515,0.5221674876847291,0.5513,0.5145631067961165,0.53,0.000490860897116363,2.0889533209847286,MLP,Injury Data,28,3329
0.525,0.5026178010471204,0.524,0.5274725274725275,0.48,0.0012038219720125198,2.3298558950191364,efficient-kan,Injury Data,28,3200
0.51,0.4787234042553192,0.5286000000000001,0.5113636363636364,0.45,0.0007673070067539811,2.161102024023421,ChebyKAN,Injury Data,28,15297
0.535,0.4918032786885246,0.5102,0.5421686746987951,0.45,0.0006517539732158184,2.5806802280712873,FastKAN,Injury Data,28,146017
0.52,0.52,0.5189,0.52,0.52,0.0006632369477301836,2.635152049944736,WavKAN,Injury Data,28,109537
0.455,0.4293193717277487,0.4416,0.45054945054945056,0.41,0.0008808460552245378,2.174003578023985,FourierKAN,Injury Data,28,48737
0.55,0.5714285714285714,0.5674,0.5454545454545454,0.6,0.000662975013256073,0.031026870012283325,XGBoost,Injury Data,28,600
0.47,0.46464646464646464,0.4824,0.46938775510204084,0.46,0.0004500939976423979,2.172222246066667,MLP,Injury Data,29,3329
0.54,0.5353535353535354,0.528,0.5408163265306123,0.53,0.0013598320074379444,2.488575952942483,efficient-kan,Injury Data,29,3200
0.54,0.5533980582524272,0.5668,0.5377358490566038,0.57,0.0009343320271000266,2.3681253859540448,ChebyKAN,Injury Data,29,15297
0.475,0.3558282208588957,0.45855000000000007,0.4603174603174603,0.29,0.0007366249337792397,2.5719955730019137,FastKAN,Injury Data,29,146017
0.54,0.5445544554455446,0.5627000000000001,0.5392156862745098,0.55,0.0007384679047390819,2.8268644280033186,WavKAN,Injury Data,29,109537
0.49,0.49504950495049505,0.4667,0.49019607843137253,0.5,0.0009760489920154214,2.2155540210660547,FourierKAN,Injury Data,29,48737
0.525,0.5365853658536586,0.5089,0.5238095238095238,0.55,0.0007450348930433393,0.02693366596940905,XGBoost,Injury Data,29,600
0.485,0.5164319248826291,0.5103,0.48672566371681414,0.55,0.0004925209796056151,2.203993764007464,MLP,Injury Data,30,3329
0.495,0.48205128205128206,0.5017,0.49473684210526314,0.47,0.0014479890232905746,2.5037615260807797,efficient-kan,Injury Data,30,3200
0.495,0.49246231155778897,0.5148,0.494949494949495,0.49,0.0008814440807327628,2.496737187029794,ChebyKAN,Injury Data,30,15297
0.525,0.3448275862068966,0.5386,0.5555555555555556,0.25,0.0007134559564292431,2.633759579039179,FastKAN,Injury Data,30,146017
0.49,0.5233644859813084,0.4793,0.49122807017543857,0.56,0.0007388589438050985,2.826041197986342,WavKAN,Injury Data,30,109537
0.54,0.5353535353535354,0.5620999999999999,0.5408163265306123,0.53,0.0010013149585574865,2.3794590659672394,FourierKAN,Injury Data,30,48737
0.51,0.5377358490566038,0.5104000000000001,0.5089285714285714,0.57,0.0007843229686841369,0.02848275995347649,XGBoost,Injury Data,30,600
0.9845686228664952,0.014925373134328358,0.4938265414145466,0.058823529411764705,0.008547008547008548,0.0005477330414578319,23.97833074303344,MLP,Day Timeseries,1,3329
0.9803600654664485,0.0,0.515247247320259,0.0,0.0,0.0016156790079548955,32.93545621493831,efficient-kan,Day Timeseries,1,3200
0.986322188449848,0.0,0.5751203743381058,0.0,0.0,0.001004830002784729,28.965421408996917,ChebyKAN,Day Timeseries,1,15297
0.986322188449848,0.0,0.5740784639089724,0.0,0.0,0.03372436889912933,99.89774331997614,FastKAN,Day Timeseries,1,146017
0.9810614916997896,0.024096385542168676,0.4808951008429496,0.04081632653061224,0.017094017094017096,0.03706288803368807,112.57052172103431,WavKAN,Day Timeseries,1,109537
0.986322188449848,0.0,0.5533445983250416,0.0,0.0,0.0011730969417840242,32.215472443029284,FourierKAN,Day Timeseries,1,48737
0.986322188449848,0.0,0.6269008407209189,0.0,0.0,0.002672853064723313,0.162833857932128,XGBoost,Day Timeseries,1,7000
0.9846855272387187,0.02962962962962963,0.538278178434632,0.1111111111111111,0.017094017094017096,0.0005334500456228852,23.81511255702935,MLP,Day Timeseries,2,3329
0.9811783960720131,0.024242424242424242,0.5339433853123554,0.041666666666666664,0.017094017094017096,0.0015695979818701744,33.058561812969856,efficient-kan,Day Timeseries,2,3200
0.986322188449848,0.0,0.5630621732316647,0.0,0.0,0.0009432709775865078,29.698719974956475,ChebyKAN,Day Timeseries,2,15297
0.986322188449848,0.0,0.5513742378149158,0.0,0.0,0.033444389002397656,100.16660362796392,FastKAN,Day Timeseries,2,146017
0.9767360299275193,0.0,0.4397145661813197,0.0,0.0,0.03705773002002388,113.0004605690483,WavKAN,Day Timeseries,2,109537
0.986322188449848,0.0,0.5416070240059809,0.0,0.0,0.0011409519938752055,34.49012174503878,FourierKAN,Day Timeseries,2,48737
0.986322188449848,0.0,0.6233364636232954,0.0,0.0,0.0028393010143190622,0.17373048898298293,XGBoost,Day Timeseries,2,7000
0.9832826747720365,0.013793103448275862,0.517320937790299,0.03571428571428571,0.008547008547008548,0.0005354679888114333,24.94011548603885,MLP,Day Timeseries,3,3329
0.9819967266775778,0.02531645569620253,0.5304960141987521,0.04878048780487805,0.017094017094017096,0.0015526849310845137,35.53428306803107,efficient-kan,Day Timeseries,3,3200
0.9821136310498013,0.025477707006369428,0.6589665585754243,0.05,0.017094017094017096,0.000982152996584773,28.72473513102159,ChebyKAN,Day Timeseries,3,15297
0.986322188449848,0.0,0.4977778993424365,0.0,0.0,0.03338947496376932,99.5379179889569,FastKAN,Day Timeseries,3,146017
0.9808276829553425,0.012048192771084338,0.5084624198053143,0.02040816326530612,0.008547008547008548,0.037094602012075484,113.58038577297702,WavKAN,Day Timeseries,3,109537
0.986322188449848,0.0,0.510246887691477,0.0,0.0,0.0011520900297909975,35.28970832610503,FourierKAN,Day Timeseries,3,48737
0.986322188449848,0.0,0.6252110919646774,0.0,0.0,0.0028263090644031763,0.17182292498182505,XGBoost,Day Timeseries,3,7000
0.983633387888707,0.014084507042253521,0.5435991648507945,0.04,0.008547008547008548,0.0005393819883465767,23.734365954063833,MLP,Day Timeseries,4,3329
0.9772036474164134,0.0,0.5676659281613649,0.0,0.0,0.0015371659537777305,34.54363179090433,efficient-kan,Day Timeseries,4,3200
0.978021978021978,0.06,0.5877590466899463,0.07228915662650602,0.05128205128205128,0.0009485750924795866,28.01168317697011,ChebyKAN,Day Timeseries,4,15297
0.986322188449848,0.0,0.5713690915776966,0.0,0.0,0.03341529704630375,99.98739756189752,FastKAN,Day Timeseries,4,146017
0.9783726911386486,0.0106951871657754,0.44818002510310206,0.014285714285714285,0.008547008547008548,0.03700215800199658,113.0258922339417,WavKAN,Day Timeseries,4,109537
0.986322188449848,0.0,0.5145482505326051,0.0,0.0,0.0010782909812405705,31.823233844945207,FourierKAN,Day Timeseries,4,48737
0.986322188449848,0.0,0.651319635022373,0.0,0.0,0.0027106680208817124,0.15869145700708032,XGBoost,Day Timeseries,4,7000
0.9839841010053776,0.0,0.47539480655517163,0.0,0.0,0.0005325189558789134,24.203218054957688,MLP,Day Timeseries,5,3329
0.9810614916997896,0.03571428571428571,0.5048509364024358,0.058823529411764705,0.02564102564102564,0.0015667719999328256,32.679208109970205,efficient-kan,Day Timeseries,5,3200
0.9781388823942015,0.020942408376963352,0.6271642308148175,0.02702702702702703,0.017094017094017096,0.0009480039589107037,29.301318310084753,ChebyKAN,Day Timeseries,5,15297
0.986322188449848,0.0,0.6675216714330143,0.0,0.0,0.0334661949891597,99.76403887197375,FastKAN,Day Timeseries,5,146017
0.9803600654664485,0.011764705882352941,0.4668690718234395,0.018867924528301886,0.008547008547008548,0.03704936592839658,113.11718062998261,WavKAN,Day Timeseries,5,109537
0.986322188449848,0.0,0.5447094554004593,0.0,0.0,0.0009996229782700539,31.245394757017493,FourierKAN,Day Timeseries,5,48737
0.986322188449848,0.0,0.6302848969081043,0.0,0.0,0.0026949100429192185,0.16534006502479315,XGBoost,Day Timeseries,5,7000
0.9843348141220482,0.0,0.5010145583809209,0.0,0.0,0.0005242920015007257,24.106856125988998,MLP,Day Timeseries,6,3329
0.9810614916997896,0.0,0.53535150927589,0.0,0.0,0.001583838020451367,32.65491443697829,efficient-kan,Day Timeseries,6,3200
0.986322188449848,0.0,0.6190857527233016,0.0,0.0,0.0009930450469255447,28.055201146984473,ChebyKAN,Day Timeseries,6,15297
0.986322188449848,0.0,0.5070542958417795,0.0,0.0,0.03336855792440474,100.51409461000003,FastKAN,Day Timeseries,6,146017
0.9805938742108955,0.011904761904761904,0.5095514365397026,0.0196078431372549,0.008547008547008548,0.03701782401185483,112.75652392394841,WavKAN,Day Timeseries,6,109537
0.986322188449848,0.0,0.564599459645092,0.0,0.0,0.0010610900353640318,32.659996086964384,FourierKAN,Day Timeseries,6,48737
0.986322188449848,0.0,0.6469367225560184,0.0,0.0,0.002668104018084705,0.2360127909341827,XGBoost,Day Timeseries,6,7000
0.9843348141220482,0.028985507246376812,0.49429304579239386,0.09523809523809523,0.017094017094017096,0.0005063179414719343,23.664191468968056,MLP,Day Timeseries,7,3329
0.9814122048164602,0.024539877300613498,0.49593315564632384,0.043478260869565216,0.017094017094017096,0.001597634982317686,32.7838249480119,efficient-kan,Day Timeseries,7,3200
0.986322188449848,0.0,0.5902754351255003,0.0,0.0,0.000949010020121932,29.712791615980677,ChebyKAN,Day Timeseries,7,15297
0.986322188449848,0.0,0.5,0.0,0.0,0.033440341940149665,99.15850752801634,FastKAN,Day Timeseries,7,146017
0.9795417348608838,0.011299435028248588,0.45926013722623893,0.016666666666666666,0.008547008547008548,0.03709785907994956,113.33160746097565,WavKAN,Day Timeseries,7,109537
0.986322188449848,0.0,0.5536667446706559,0.0,0.0,0.001049819984473288,31.91372185596265,FourierKAN,Day Timeseries,7,48737
0.986322188449848,0.0,0.6608447325526856,0.0,0.0,0.002671864000149071,0.19012754107825458,XGBoost,Day Timeseries,7,7000
0.9842179097498246,0.0,0.5495887568899304,0.0,0.0,0.0005012609763070941,23.87941834900994,MLP,Day Timeseries,8,3329
0.9805938742108955,0.011904761904761904,0.5433732571933354,0.0196078431372549,0.008547008547008548,0.0015767859295010567,32.34275356901344,efficient-kan,Day Timeseries,8,3200
0.986322188449848,0.0,0.5569626664802675,0.0,0.0,0.0009851440554484725,30.028789132949896,ChebyKAN,Day Timeseries,8,15297
0.986322188449848,0.0,0.5076651582518598,0.0,0.0,0.0333921950077638,99.91154510097113,FastKAN,Day Timeseries,8,146017
0.9783726911386486,0.0106951871657754,0.46213362184679,0.014285714285714285,0.008547008547008548,0.0370519069256261,113.48733260703739,WavKAN,Day Timeseries,8,109537
0.986322188449848,0.0,0.48533930215807664,0.0,0.0,0.0010944139212369919,30.625824632006697,FourierKAN,Day Timeseries,8,48737
0.986322188449848,0.0,0.638038696056949,0.0,0.0,0.0026190089993178844,0.17912393005099148,XGBoost,Day Timeseries,8,7000
0.9841010053776011,0.014492753623188406,0.5096674294849001,0.047619047619047616,0.008547008547008548,0.0005911989137530327,24.526134046027437,MLP,Day Timeseries,9,3329
0.9802431610942249,0.023121387283236993,0.5256774950386424,0.03571428571428571,0.017094017094017096,0.0015434810193255544,35.034242313937284,efficient-kan,Day Timeseries,9,3200
0.986322188449848,0.0,0.5372519701072503,0.0,0.0,0.0009261970408260822,28.410862479940988,ChebyKAN,Day Timeseries,9,15297
0.986322188449848,0.0,0.4895960912910065,0.0,0.0,0.03346371301449835,99.15707052999642,FastKAN,Day Timeseries,9,146017
0.9789572129997662,0.021739130434782608,0.4988968007220941,0.029850746268656716,0.017094017094017096,0.03697327396366745,112.71631778904703,WavKAN,Day Timeseries,9,109537
0.986322188449848,0.0,0.4789566510557384,0.0,0.0,0.001026754966005683,29.727402030956,FourierKAN,Day Timeseries,9,48737
0.986322188449848,0.0,0.6379642377034815,0.0,0.0,0.0025600340450182557,0.15954611799679697,XGBoost,Day Timeseries,9,7000
0.9844517184942717,0.014814814814814815,0.5175519106418716,0.05555555555555555,0.008547008547008548,0.0005492039490491152,23.32658321899362,MLP,Day Timeseries,10,3329
0.9805938742108955,0.023529411764705882,0.5380000992778047,0.03773584905660377,0.017094017094017096,0.0015579049941152334,30.617669121013023,efficient-kan,Day Timeseries,10,3200
0.986322188449848,0.0,0.6440612118578222,0.0,0.0,0.0009613939328119159,28.03411337803118,ChebyKAN,Day Timeseries,10,15297
0.9852700490998363,0.0,0.6292809754348216,0.0,0.0,0.033387625007890165,98.09257856605109,FastKAN,Day Timeseries,10,146017
0.9816460135609072,0.03680981595092025,0.4836054862130481,0.06521739130434782,0.02564102564102564,0.03702624305151403,111.44417000096291,WavKAN,Day Timeseries,10,109537
0.986322188449848,0.0,0.5102367573032501,0.0,0.0,0.0010487670078873634,29.55512954411097,FourierKAN,Day Timeseries,10,48737
0.986322188449848,0.0,0.637551930902648,0.0,0.0,0.00255989795550704,0.1571612210245803,XGBoost,Day Timeseries,10,7000
0.9831657703998129,0.0136986301369863,0.5903969997842228,0.034482758620689655,0.008547008547008548,0.0005370300495997071,23.120861964998767,MLP,Day Timeseries,11,3329
0.9825812485386953,0.013245033112582781,0.5566405201346531,0.029411764705882353,0.008547008547008548,0.0015685200924053788,30.56591413600836,efficient-kan,Day Timeseries,11,3200
0.986322188449848,0.0,0.6521452616628627,0.0,0.0,0.000959648983553052,28.06454821198713,ChebyKAN,Day Timeseries,11,15297
0.986322188449848,0.0,0.609426427548983,0.0,0.0,0.03338255500420928,97.65526062005665,FastKAN,Day Timeseries,11,146017
0.9804769698386719,0.045714285714285714,0.4327286504600716,0.06896551724137931,0.03418803418803419,0.037033278960734606,111.04075540194754,WavKAN,Day Timeseries,11,109537
0.986322188449848,0.0,0.5445539539411769,0.0,0.0,0.0010218790266662836,29.671002479968593,FourierKAN,Day Timeseries,11,48737
0.986322188449848,0.0,0.6270928115778182,0.0,0.0,0.002526927972212434,0.16120751295238733,XGBoost,Day Timeseries,11,7000
0.9846855272387187,0.015037593984962405,0.5422852534977698,0.0625,0.008547008547008548,0.0005421240348368883,23.232291645021178,MLP,Day Timeseries,12,3329
0.9807107785831191,0.023668639053254437,0.549728556247461,0.038461538461538464,0.017094017094017096,0.0015641329810023308,31.465592345921323,efficient-kan,Day Timeseries,12,3200
0.9779050736497545,0.03076923076923077,0.526696105574854,0.038461538461538464,0.02564102564102564,0.0009400660637766123,27.301988374092616,ChebyKAN,Day Timeseries,12,15297
0.986322188449848,0.0,0.5004741021690173,0.0,0.0,0.03338107804302126,98.03647508204449,FastKAN,Day Timeseries,12,146017
0.9794248304886602,0.011235955056179775,0.4819648698397069,0.01639344262295082,0.008547008547008548,0.03701527905650437,111.79300855298061,WavKAN,Day Timeseries,12,109537
0.986322188449848,0.0,0.4988193032521585,0.0,0.0,0.0010203190613538027,29.945115006063133,FourierKAN,Day Timeseries,12,48737
0.986322188449848,0.0,0.6297297516332718,0.0,0.0,0.002529039978981018,0.15600448905024678,XGBoost,Day Timeseries,12,7000
0.9842179097498246,0.0,0.4770820227143565,0.0,0.0,0.0005422070389613509,23.263597650104202,MLP,Day Timeseries,13,3329
0.9779050736497545,0.010471204188481676,0.5144499857668045,0.013513513513513514,0.008547008547008548,0.0015554779674857855,30.754478265997022,efficient-kan,Day Timeseries,13,3200
0.9788403086275427,0.021621621621621623,0.5184018502141057,0.029411764705882353,0.017094017094017096,0.0009397320682182908,27.3077938829083,ChebyKAN,Day Timeseries,13,15297
0.986322188449848,0.0,0.6339921124797265,0.0,0.0,0.03337376704439521,98.27244415890891,FastKAN,Day Timeseries,13,146017
0.9794248304886602,0.0,0.4612036522075636,0.0,0.0,0.037028666003607213,111.59585931908805,WavKAN,Day Timeseries,13,109537
0.986322188449848,0.0,0.5088509201938146,0.0,0.0,0.0010458939941599965,29.419232152984478,FourierKAN,Day Timeseries,13,48737
0.986322188449848,0.0,0.6209760831664352,0.0,0.0,0.002556841936893761,0.15996697591617703,XGBoost,Day Timeseries,13,7000
0.983633387888707,0.0,0.49836850097606294,0.0,0.0,0.0005488720489665866,22.390636845957488,MLP,Day Timeseries,14,3329
0.9804769698386719,0.023391812865497075,0.5203625868554161,0.037037037037037035,0.017094017094017096,0.001569302985444665,31.164612530032173,efficient-kan,Day Timeseries,14,3200
0.986322188449848,0.0,0.42036147251271105,0.0,0.0,0.0009430010104551911,27.202776157064363,ChebyKAN,Day Timeseries,14,15297
0.986322188449848,0.0,0.49982221168661845,0.0,0.0,0.03339281096123159,98.08718161704019,FastKAN,Day Timeseries,14,146017
0.9796586392331074,0.03333333333333333,0.526545669309685,0.047619047619047616,0.02564102564102564,0.03703061700798571,111.11406868998893,WavKAN,Day Timeseries,14,109537
0.986322188449848,0.0,0.4857845327206475,0.0,0.0,0.0010591440368443727,29.913125953054987,FourierKAN,Day Timeseries,14,48737
0.986322188449848,0.0,0.6226663384420881,0.0,0.0,0.0026199560379609466,0.16556555300485343,XGBoost,Day Timeseries,14,7000
0.9846855272387187,0.0,0.5016973465474117,0.0,0.0,0.000534774037078023,23.25335479795467,MLP,Day Timeseries,15,3329
0.9807107785831191,0.023668639053254437,0.5077006146106537,0.038461538461538464,0.017094017094017096,0.0015618540346622467,31.466339181060903,efficient-kan,Day Timeseries,15,3200
0.9822305354220248,0.012987012987012988,0.6178528844760918,0.02702702702702703,0.008547008547008548,0.0009334980277344584,27.63274272403214,ChebyKAN,Day Timeseries,15,15297
0.986322188449848,0.0,0.5933657100541064,0.0,0.0,0.033410003990866244,98.21404190501198,FastKAN,Day Timeseries,15,146017
0.9761515080664017,0.0,0.4500733946627036,0.0,0.0,0.03701738303061575,111.45323750097305,WavKAN,Day Timeseries,15,109537
0.986322188449848,0.0,0.579644605720225,0.0,0.0,0.001027531921863556,29.4655387790408,FourierKAN,Day Timeseries,15,48737
0.986322188449848,0.0,0.6267205198104806,0.0,0.0,0.0025076119927689433,0.14964533795136958,XGBoost,Day Timeseries,15,7000
0.9837502922609306,0.0,0.500904137149248,0.0,0.0,0.0005202740430831909,23.196233569993638,MLP,Day Timeseries,16,3329
0.9808276829553425,0.012048192771084338,0.5791745557064983,0.02040816326530612,0.008547008547008548,0.0015455230604857206,30.681159305968322,efficient-kan,Day Timeseries,16,3200
0.986322188449848,0.0,0.6195345289217519,0.0,0.0,0.0009342159610241652,27.145738231949508,ChebyKAN,Day Timeseries,16,15297
0.986322188449848,0.0,0.5024348388103277,0.0,0.0,0.0334116161102429,98.2371151970001,FastKAN,Day Timeseries,16,146017
0.9794248304886602,0.0,0.4656088515280171,0.0,0.0,0.03702193102799356,111.29177514405455,WavKAN,Day Timeseries,16,109537
0.986322188449848,0.0,0.46058772460336994,0.0,0.0,0.0010251080384477973,29.955631218035705,FourierKAN,Day Timeseries,16,48737
0.986322188449848,0.0,0.6178878343154744,0.0,0.0,0.0026036889757961035,0.15739464201033115,XGBoost,Day Timeseries,16,7000
0.9843348141220482,0.0,0.5147118563024692,0.0,0.0,0.0005429559387266636,23.47173561900854,MLP,Day Timeseries,17,3329
0.9805938742108955,0.023529411764705882,0.5394036645666372,0.03773584905660377,0.017094017094017096,0.0015536770224571228,31.41774333594367,efficient-kan,Day Timeseries,17,3200
0.986322188449848,0.0,0.5095995558837801,0.0,0.0,0.000927081098780036,27.301049470086582,ChebyKAN,Day Timeseries,17,15297
0.986322188449848,0.0,0.5023740564809664,0.0,0.0,0.03345933195669204,98.50817376095802,FastKAN,Day Timeseries,17,146017
0.9786064998830957,0.010810810810810811,0.46075436948970194,0.014705882352941176,0.008547008547008548,0.0370147880166769,111.52743295498658,WavKAN,Day Timeseries,17,109537
0.986322188449848,0.0,0.5416120892000944,0.0,0.0,0.0010531849693506956,30.302619835012592,FourierKAN,Day Timeseries,17,48737
0.986322188449848,0.0,0.6484856589159066,0.0,0.0,0.002567710937000811,0.1649089310085401,XGBoost,Day Timeseries,17,7000
0.9842179097498246,0.0,0.520427421340068,0.0,0.0,0.0005605719052255154,22.95882725494448,MLP,Day Timeseries,18,3329
0.9814122048164602,0.0,0.48789064043301333,0.0,0.0,0.0015600689221173525,31.489552206010558,efficient-kan,Day Timeseries,18,3200
0.986322188449848,0.0,0.520443629961231,0.0,0.0,0.0009447559714317322,28.543528501992114,ChebyKAN,Day Timeseries,18,15297
0.986322188449848,0.0,0.49614994595437883,0.0,0.0,0.03339273890014738,98.0200253080111,FastKAN,Day Timeseries,18,146017
0.9779050736497545,0.02072538860103627,0.46994465768911664,0.02631578947368421,0.017094017094017096,0.03699763596523553,111.2058179009473,WavKAN,Day Timeseries,18,109537
0.986322188449848,0.0,0.5377914132803312,0.0,0.0,0.0010484750382602215,29.563090256997384,FourierKAN,Day Timeseries,18,48737
0.986322188449848,0.0,0.6039504461929495,0.0,0.0,0.0026001909282058477,0.16128046798985451,XGBoost,Day Timeseries,18,7000
0.9845686228664952,0.043478260869565216,0.5021577726923229,0.14285714285714285,0.02564102564102564,0.0005103599978610873,22.39789234905038,MLP,Day Timeseries,19,3329
0.9788403086275427,0.03208556149732621,0.5549218997719649,0.04285714285714286,0.02564102564102564,0.0015625200467184186,31.571152322925627,efficient-kan,Day Timeseries,19,3200
0.986322188449848,0.0,0.6220271109449726,0.0,0.0,0.0009737940272316337,28.181677679996938,ChebyKAN,Day Timeseries,19,15297
0.986322188449848,0.0,0.540068724553731,0.0,0.0,0.033377673011273146,98.19901209697127,FastKAN,Day Timeseries,19,146017
0.9797755436053308,0.04419889502762431,0.4948086825531415,0.0625,0.03418803418803419,0.03697141900192946,111.25299455004279,WavKAN,Day Timeseries,19,109537
0.986322188449848,0.0,0.510010849645791,0.0,0.0,0.0010204740101471543,30.08274156402331,FourierKAN,Day Timeseries,19,48737
0.986322188449848,0.0,0.6153608089722823,0.0,0.0,0.00257410597987473,0.24160395900253206,XGBoost,Day Timeseries,19,7000
0.9835164835164835,0.0,0.530155126634918,0.0,0.0,0.000521706067956984,23.06735185207799,MLP,Day Timeseries,20,3329
0.9798924479775544,0.054945054945054944,0.5776124498419153,0.07692307692307693,0.042735042735042736,0.0015617390163242817,30.675082840025425,efficient-kan,Day Timeseries,20,3200
0.986322188449848,0.0,0.45161625278965567,0.0,0.0,0.0009402129799127579,27.192829046049155,ChebyKAN,Day Timeseries,20,15297
0.986322188449848,0.0,0.5035532336705739,0.0,0.0,0.033389411051757634,98.30312780395616,FastKAN,Day Timeseries,20,146017
0.9791910217442132,0.011111111111111112,0.4681586702447198,0.015873015873015872,0.008547008547008548,0.03697039699181914,111.15558992500883,WavKAN,Day Timeseries,20,109537
0.986322188449848,0.0,0.5331385259677307,0.0,0.0,0.001042352057993412,29.43360395100899,FourierKAN,Day Timeseries,20,48737
0.986322188449848,0.0,0.6351236768446676,0.0,0.0,0.00252721703145653,0.1482237490126863,XGBoost,Day Timeseries,20,7000
0.9844517184942717,0.0,0.53206369177686,0.0,0.0,0.0005394300678744912,23.21465821599122,MLP,Day Timeseries,21,3329
0.9818798223053542,0.025157232704402517,0.5205226469894007,0.047619047619047616,0.017094017094017096,0.0015472030499950051,30.721524798078462,efficient-kan,Day Timeseries,21,3200
0.9822305354220248,0.012987012987012988,0.4933367371437775,0.02702702702702703,0.008547008547008548,0.0009485669434070587,28.514885082026012,ChebyKAN,Day Timeseries,21,15297
0.986322188449848,0.0,0.628094200454044,0.0,0.0,0.03337438509333879,97.97929875703994,FastKAN,Day Timeseries,21,146017
0.9802431610942249,0.011695906432748537,0.519968514753391,0.018518518518518517,0.008547008547008548,0.03699913097079843,110.76902736001648,WavKAN,Day Timeseries,21,109537
0.986322188449848,0.0,0.5046042614491115,0.0,0.0,0.0010220849653705955,29.5492353370646,FourierKAN,Day Timeseries,21,48737
0.986322188449848,0.0,0.6145397410064946,0.0,0.0,0.002543209004215896,0.15218381094746292,XGBoost,Day Timeseries,21,7000
0.9846855272387187,0.02962962962962963,0.5308672929272669,0.1111111111111111,0.017094017094017096,0.0005193320102989674,23.32957122696098,MLP,Day Timeseries,22,3329
0.9796586392331074,0.011363636363636364,0.5217038502566534,0.01694915254237288,0.008547008547008548,0.0015666940016672015,31.657529058982618,efficient-kan,Day Timeseries,22,3200
0.9774374561608604,0.03015075376884422,0.5285920077315123,0.036585365853658534,0.02564102564102564,0.0009660000214353204,27.965797130018473,ChebyKAN,Day Timeseries,22,15297
0.986322188449848,0.0,0.5634496605813425,0.0,0.0,0.033377139014191926,98.00267403305043,FastKAN,Day Timeseries,22,146017
0.9756838905775076,0.018867924528301886,0.47066746088910366,0.021052631578947368,0.017094017094017096,0.03697797900531441,111.01035829808097,WavKAN,Day Timeseries,22,109537
0.986322188449848,0.0,0.5350572214978995,0.0,0.0,0.0010389169910922647,29.475224093999714,FourierKAN,Day Timeseries,22,48737
0.986322188449848,0.0,0.663191943504851,0.0,0.0,0.00256538693793118,0.15879067697096616,XGBoost,Day Timeseries,22,7000
0.9843348141220482,0.028985507246376812,0.5116236074515085,0.09523809523809523,0.017094017094017096,0.0005250589456409216,23.140711672022007,MLP,Day Timeseries,23,3329
0.9803600654664485,0.023255813953488372,0.5040906507660092,0.03636363636363636,0.017094017094017096,0.0015651379944756627,31.314396522007883,efficient-kan,Day Timeseries,23,3200
0.986322188449848,0.0,0.4846083946475081,0.0,0.0,0.0009268489666283131,28.65589064802043,ChebyKAN,Day Timeseries,23,15297
0.986322188449848,0.0,0.5696200800503278,0.0,0.0,0.03342184401117265,97.7473713940708,FastKAN,Day Timeseries,23,146017
0.9809445873275661,0.012121212121212121,0.4841677227596393,0.020833333333333332,0.008547008547008548,0.03701121697667986,110.8888946250081,WavKAN,Day Timeseries,23,109537
0.986322188449848,0.0,0.5629826496840838,0.0,0.0,0.001028953935019672,30.122528189094737,FourierKAN,Day Timeseries,23,48737
0.986322188449848,0.0,0.6274934684321908,0.0,0.0,0.0025308270705863833,0.15828780399169773,XGBoost,Day Timeseries,23,7000
0.9832826747720365,0.0,0.5023679782480304,0.0,0.0,0.0005092800129204988,22.395584841025993,MLP,Day Timeseries,24,3329
0.9776712649053074,0.030456852791878174,0.5871917449492418,0.0375,0.02564102564102564,0.0015545900678262115,31.02507038100157,efficient-kan,Day Timeseries,24,3200
0.986322188449848,0.0,0.6435172100100393,0.0,0.0,0.0009312829934060574,27.4150309470715,ChebyKAN,Day Timeseries,24,15297
0.986322188449848,0.0,0.5976949314628585,0.0,0.0,0.03337196493521333,98.62687777203973,FastKAN,Day Timeseries,24,146017
0.9812953004442366,0.0,0.46177196698709083,0.0,0.0,0.03701214003376663,111.87726802600082,WavKAN,Day Timeseries,24,109537
0.986322188449848,0.0,0.5368862630922605,0.0,0.0,0.0010303189046680927,29.416814699070528,FourierKAN,Day Timeseries,24,48737
0.986322188449848,0.0,0.6135925497072824,0.0,0.0,0.0025173680623993278,0.15573345695156604,XGBoost,Day Timeseries,24,7000
0.9837502922609306,0.014184397163120567,0.5523523267982199,0.041666666666666664,0.008547008547008548,0.000534582999534905,23.387837808928452,MLP,Day Timeseries,25,3329
0.9794248304886602,0.03296703296703297,0.5430597216777139,0.046153846153846156,0.02564102564102564,0.0015457220142707229,31.606499563902617,efficient-kan,Day Timeseries,25,3200
0.9748655599719429,0.009216589861751152,0.5872383447350853,0.01,0.008547008547008548,0.0009439929854124784,27.82311309792567,ChebyKAN,Day Timeseries,25,15297
0.986322188449848,0.0,0.5333694988193033,0.0,0.0,0.03339872893411666,98.41679106198717,FastKAN,Day Timeseries,25,146017
0.9770867430441899,0.0297029702970297,0.4821619058907195,0.03529411764705882,0.02564102564102564,0.036977983079850674,111.59148350800388,WavKAN,Day Timeseries,25,109537
0.986322188449848,0.0,0.49429253927298256,0.0,0.0,0.001026318990625441,30.050486359046772,FourierKAN,Day Timeseries,25,48737
0.986322188449848,0.0,0.6246762074662986,0.0,0.0,0.002580179017968476,0.1880414899205789,XGBoost,Day Timeseries,25,7000
0.983867196633154,0.014285714285714285,0.5233155950235481,0.043478260869565216,0.008547008547008548,0.0005204760236665606,23.05279750400223,MLP,Day Timeseries,26,3329
0.9802431610942249,0.011695906432748537,0.5291111901281392,0.018518518518518517,0.008547008547008548,0.001563890022225678,30.518418546998873,efficient-kan,Day Timeseries,26,3200
0.9794248304886602,0.022222222222222223,0.53051779453344,0.031746031746031744,0.017094017094017096,0.0009488259674981236,27.704473724006675,ChebyKAN,Day Timeseries,26,15297
0.986322188449848,0.0,0.6164138628284651,0.0,0.0,0.03340849396772683,98.0209539619973,FastKAN,Day Timeseries,26,146017
0.9796586392331074,0.02247191011235955,0.4203098075327541,0.03278688524590164,0.017094017094017096,0.037026621052064,111.58409516199026,WavKAN,Day Timeseries,26,109537
0.986322188449848,0.0,0.5317856126200324,0.0,0.0,0.0010421460028737783,29.51834318204783,FourierKAN,Day Timeseries,26,48737
0.986322188449848,0.0,0.661904371161216,0.0,0.0,0.002572039025835693,0.16410354804247618,XGBoost,Day Timeseries,26,7000
0.9841010053776011,0.014492753623188406,0.47371721426480223,0.047619047619047616,0.008547008547008548,0.0005243190098553896,23.276566952001303,MLP,Day Timeseries,27,3329
0.9807107785831191,0.0,0.4939886276261765,0.0,0.0,0.0015573790296912193,30.833305306034163,efficient-kan,Day Timeseries,27,3200
0.986322188449848,0.0,0.6183771320668323,0.0,0.0,0.0009356240043416619,27.954231465002522,ChebyKAN,Day Timeseries,27,15297
0.986322188449848,0.0,0.6003693539547517,0.0,0.0,0.03339383902493864,98.30019592493773,FastKAN,Day Timeseries,27,146017
0.9810614916997896,0.012195121951219513,0.4484211283429015,0.02127659574468085,0.008547008547008548,0.03701666498091072,111.3871216160478,WavKAN,Day Timeseries,27,109537
0.986322188449848,0.0,0.5399410816620724,0.0,0.0,0.0010336709674447775,29.573048808961175,FourierKAN,Day Timeseries,27,48737
0.986322188449848,0.0,0.6301364867205806,0.0,0.0,0.0026218750281259418,0.1865492999786511,XGBoost,Day Timeseries,27,7000
0.9841010053776011,0.014492753623188406,0.5463090437014818,0.047619047619047616,0.008547008547008548,0.0005316099850460887,23.43569390801713,MLP,Day Timeseries,28,3329
0.9794248304886602,0.022222222222222223,0.5109266367414999,0.031746031746031744,0.017094017094017096,0.0015539770247414708,30.82334877899848,efficient-kan,Day Timeseries,28,3200
0.986322188449848,0.0,0.5756025808177047,0.0,0.0,0.0009286709828302264,27.212475956068374,ChebyKAN,Day Timeseries,28,15297
0.986322188449848,0.0,0.4974815854868006,0.0,0.0,0.03336844698060304,98.25388262502383,FastKAN,Day Timeseries,28,146017
0.978021978021978,0.030927835051546393,0.46504205630672385,0.03896103896103896,0.02564102564102564,0.03700824093539268,111.49088049202692,WavKAN,Day Timeseries,28,109537
0.986322188449848,0.0,0.5118768671571801,0.0,0.0,0.0010202160337939858,30.405266980058514,FourierKAN,Day Timeseries,28,48737
0.986322188449848,0.0,0.647829716278217,0.0,0.0,0.002616127021610737,0.17346210591495037,XGBoost,Day Timeseries,28,7000
0.9848024316109423,0.015151515151515152,0.5160576783784084,0.06666666666666667,0.008547008547008548,0.0005436229985207319,23.682431248016655,MLP,Day Timeseries,29,3329
0.9814122048164602,0.012422360248447204,0.5229144316497641,0.022727272727272728,0.008547008547008548,0.0015699530486017466,31.47150328103453,efficient-kan,Day Timeseries,29,3200
0.986322188449848,0.0,0.5725882838008001,0.0,0.0,0.0009644170058891177,27.28030344902072,ChebyKAN,Day Timeseries,29,15297
0.9849193359831657,0.015267175572519083,0.6187757628435595,0.07142857142857142,0.008547008547008548,0.03338166093453765,97.85848984704353,FastKAN,Day Timeseries,29,146017
0.9812953004442366,0.024390243902439025,0.45177479336540616,0.0425531914893617,0.017094017094017096,0.03700291004497558,111.319849935011,WavKAN,Day Timeseries,29,109537
0.986322188449848,0.0,0.5257499273144645,0.0,0.0,0.0010362190660089254,30.01928374299314,FourierKAN,Day Timeseries,29,48737
0.986322188449848,0.0,0.6813663665032635,0.0,0.0,0.002585081965662539,0.1668518460355699,XGBoost,Day Timeseries,29,7000
0.983633387888707,0.014084507042253521,0.5002720009238913,0.04,0.008547008547008548,0.0005419299704954028,23.293674769927748,MLP,Day Timeseries,30,3329
0.9812953004442366,0.0,0.47528134620703066,0.0,0.0,0.0015807939926162362,30.702609200961888,efficient-kan,Day Timeseries,30,3200
0.9767360299275193,0.009950248756218905,0.47159084577598265,0.011904761904761904,0.008547008547008548,0.000921349972486496,28.110580321983434,ChebyKAN,Day Timeseries,30,15297
0.986322188449848,0.0,0.5002370510845087,0.0,0.0,0.033396449056454,97.95296518900432,FastKAN,Day Timeseries,30,146017
0.9729950900163666,0.01702127659574468,0.54044912063165,0.01694915254237288,0.017094017094017096,0.03701613494195044,111.5075976109365,WavKAN,Day Timeseries,30,109537
0.986322188449848,0.0,0.5314513098085458,0.0,0.0,0.001054520020261407,29.566720913979225,FourierKAN,Day Timeseries,30,48737
0.986322188449848,0.0,0.6051772362072232,0.0,0.0,0.0026033070171251893,0.18669208290521055,XGBoost,Day Timeseries,30,7000
0.6702334630350194,0.42509892594686266,0.6340099217758791,0.5705614567526556,0.3387387387387387,0.0005579309072345495,9.113974280073307,MLP,Multimodal Sports,1,3329
0.5797665369649806,0.4065934065934066,0.5629494235877215,0.4134078212290503,0.4,0.0013744919560849667,11.804957889020443,efficient-kan,Multimodal Sports,1,3200
0.580739299610895,0.381635581061693,0.5547612201867521,0.40672782874617736,0.35945945945945945,0.0009462881134822965,10.715077323024161,ChebyKAN,Multimodal Sports,1,15297
0.6105706874189365,0.4144319843978547,0.5791277599788238,0.45164718384697133,0.38288288288288286,0.007103879004716873,24.125681154080667,FastKAN,Multimodal Sports,1,146017
0.6128404669260701,0.4175609756097561,0.5890648247031226,0.4553191489361702,0.3855855855855856,0.00787818303797394,26.763839274062775,WavKAN,Multimodal Sports,1,109537
0.6400778210116731,0.007155635062611807,0.500828335934719,0.5,0.0036036036036036037,0.0011730570113286376,11.238724461058155,FourierKAN,Multimodal Sports,1,48737
0.6721789883268483,0.3920625375826819,0.6371788201575436,0.5895117540687161,0.2936936936936937,0.001449876930564642,0.12237799004651606,XGBoost,Multimodal Sports,1,2600
0.6725032425421531,0.44627192982456143,0.6463105963105963,0.5700280112044818,0.36666666666666664,0.0005071270279586315,8.469816091004759,MLP,Multimodal Sports,2,3329
0.5674448767833982,0.411297440423654,0.5510088355833037,0.4031141868512111,0.4198198198198198,0.0013093060115352273,12.033743137028068,efficient-kan,Multimodal Sports,2,3200
0.6095979247730221,0.428842504743833,0.5816155060835912,0.4529058116232465,0.4072072072072072,0.0008989749476313591,10.69854468095582,ChebyKAN,Multimodal Sports,2,15297
0.6131647211413749,0.4438228438228438,0.5999096360798488,0.4599033816425121,0.42882882882882883,0.007119406014680862,23.870984158013016,FastKAN,Multimodal Sports,2,146017
0.6125162127107653,0.4224262928951184,0.581689212008361,0.4556830031282586,0.39369369369369367,0.007896617986261845,26.897588763036765,WavKAN,Multimodal Sports,2,109537
0.6374837872892347,0.0035650623885918,0.4901024124428379,0.16666666666666666,0.0018018018018018018,0.0010277869878336787,11.60608629998751,FourierKAN,Multimodal Sports,2,48737
0.6828793774319066,0.4171632896305125,0.6534440975930338,0.6161971830985915,0.3153153153153153,0.0014732088893651962,0.1245087810093537,XGBoost,Multimodal Sports,2,2600
0.6747730220492867,0.4349295774647887,0.6395958268298694,0.5804511278195489,0.34774774774774775,0.0005035919602960348,8.743587924051099,MLP,Multimodal Sports,3,3329
0.5774967574578469,0.41959910913140314,0.564805535018301,0.4149779735682819,0.4243243243243243,0.0013314910465851426,12.18775297398679,efficient-kan,Multimodal Sports,3,3200
0.5836575875486382,0.41208791208791207,0.569152359045976,0.41899441340782123,0.40540540540540543,0.0008852760074660182,10.990271921036765,ChebyKAN,Multimodal Sports,3,15297
0.5995460440985733,0.41274369947693773,0.5695936818277244,0.43705941591137965,0.390990990990991,0.0071339369751513,24.166802313993685,FastKAN,Multimodal Sports,3,146017
0.6024643320363164,0.39842983316977426,0.5748103726827132,0.4375,0.36576576576576575,0.007867807988077402,26.728859478025697,WavKAN,Multimodal Sports,3,109537
0.6400778210116731,0.0017985611510791368,0.4939077375247588,0.5,0.0009009009009009009,0.0010124880354851484,11.639079943066463,FourierKAN,Multimodal Sports,3,48737
0.6835278858625162,0.42042755344418054,0.6538924943180263,0.6167247386759582,0.31891891891891894,0.0014753330033272505,0.12393629201687872,XGBoost,Multimodal Sports,3,2600
0.6728274967574579,0.4244152880775813,0.6251453581240816,0.578538102643857,0.33513513513513515,0.0004863349022343755,8.74771578493528,MLP,Multimodal Sports,4,3329
0.5719844357976653,0.40540540540540543,0.5440850424892978,0.40540540540540543,0.40540540540540543,0.0013228999450802803,12.159390019020066,efficient-kan,Multimodal Sports,4,3200
0.5888456549935149,0.40357478833490124,0.554019368912986,0.422244094488189,0.3864864864864865,0.0008777020266279578,10.702282204991207,ChebyKAN,Multimodal Sports,4,15297
0.6089494163424124,0.42406876790830944,0.5805418640525024,0.45121951219512196,0.4,0.007097558001987636,24.160589492996223,FastKAN,Multimodal Sports,4,146017
0.6044098573281452,0.4060370009737098,0.5760090637750213,0.4417372881355932,0.37567567567567567,0.007884393096901476,26.751128127914853,WavKAN,Multimodal Sports,4,109537
0.6397535667963683,0.0017969451931716084,0.4954961800706481,0.3333333333333333,0.0009009009009009009,0.0010255309753119946,11.594760803040117,FourierKAN,Multimodal Sports,4,48737
0.6861219195849546,0.42035928143712575,0.6536725175023048,0.6267857142857143,0.3162162162162162,0.0014735889853909612,0.12364914710633457,XGBoost,Multimodal Sports,4,2600
0.6728274967574579,0.4276800907543959,0.6381267285522605,0.5773353751914242,0.3396396396396396,0.000477106892503798,8.750312683056109,MLP,Multimodal Sports,5,3329
0.5651750972762646,0.41106719367588934,0.5615492392088137,0.40102827763496146,0.42162162162162165,0.0013303069863468409,12.224523303913884,efficient-kan,Multimodal Sports,5,3200
0.5933852140077821,0.42318307267709293,0.5755574723659831,0.4323308270676692,0.4144144144144144,0.0008999319979920983,10.752818051958457,ChebyKAN,Multimodal Sports,5,15297
0.6131647211413749,0.4183325207215992,0.5862788320235128,0.45589798087141337,0.3864864864864865,0.007124003954231739,23.885876573971473,FastKAN,Multimodal Sports,5,146017
0.6134889753566797,0.41222879684418146,0.57120859461285,0.4553376906318083,0.37657657657657656,0.007865716004744172,26.8900204540696,WavKAN,Multimodal Sports,5,109537
0.6381322957198443,0.0053475935828877,0.5019770530408828,0.25,0.002702702702702703,0.0010039039188995957,11.611844185972586,FourierKAN,Multimodal Sports,5,48737
0.6809338521400778,0.4204946996466431,0.6388167803061421,0.6071428571428571,0.3216216216216216,0.0014834280591458082,0.12588165095075965,XGBoost,Multimodal Sports,5,2600
0.6776913099870299,0.4465478841870824,0.6396998822530737,0.5845481049562682,0.36126126126126124,0.00048341602087020874,8.70625970105175,MLP,Multimodal Sports,6,3329
0.5813878080415046,0.42029636281993715,0.5519932546528291,0.41897940913160253,0.42162162162162165,0.0013393459375947714,11.808827102999203,efficient-kan,Multimodal Sports,6,3200
0.6001945525291829,0.4175720358998583,0.5781552068786111,0.43892750744786496,0.3981981981981982,0.0009080830495804548,10.370720354025252,ChebyKAN,Multimodal Sports,6,15297
0.6005188067444877,0.41333333333333333,0.562917933130699,0.4383838383838384,0.390990990990991,0.007113666040822864,24.206388567923568,FastKAN,Multimodal Sports,6,146017
0.6086251621271076,0.42823306489815255,0.5797071387496919,0.4515484515484515,0.4072072072072072,0.007846473017707467,26.93543899001088,WavKAN,Multimodal Sports,6,109537
0.6381322957198443,0.0035714285714285713,0.48849046615004066,0.2,0.0018018018018018018,0.001021381001919508,11.616162689053454,FourierKAN,Multimodal Sports,6,48737
0.6851491569390402,0.4175164967006599,0.6399696048632219,0.6247755834829444,0.31351351351351353,0.0014690229436382651,0.12168211198877543,XGBoost,Multimodal Sports,6,2600
0.6718547341115434,0.4457831325301205,0.6351214436320819,0.5684357541899442,0.36666666666666664,0.00047224306035786867,8.745171537972055,MLP,Multimodal Sports,7,3329
0.5732814526588845,0.3979871912168344,0.5542539499986309,0.40427509293680297,0.3918918918918919,0.0013009730027988553,11.836903841933236,efficient-kan,Multimodal Sports,7,3200
0.5817120622568094,0.4147005444646098,0.5744427558257346,0.41773308957952465,0.4117117117117117,0.000894341035746038,10.727726240991615,ChebyKAN,Multimodal Sports,7,15297
0.5982490272373541,0.4158415841584158,0.5631894812745877,0.4362017804154303,0.3972972972972973,0.007122726994566619,24.115958182956092,FastKAN,Multimodal Sports,7,146017
0.5979247730220493,0.40096618357487923,0.5739414186222698,0.4322916666666667,0.3738738738738739,0.007866372936405241,26.93230434891302,WavKAN,Multimodal Sports,7,109537
0.6400778210116731,0.008928571428571428,0.4951516105771425,0.5,0.0045045045045045045,0.0010195820359513164,11.451992247952148,FourierKAN,Multimodal Sports,7,48737
0.6832036316472114,0.4060790273556231,0.6461193716512865,0.6242990654205608,0.3009009009009009,0.001493346062488854,0.13275627803523093,XGBoost,Multimodal Sports,7,2600
0.6712062256809338,0.43853820598006643,0.6266454904752776,0.5689655172413793,0.3567567567567568,0.0004846359370276332,8.725983738084324,MLP,Multimodal Sports,8,3329
0.5778210116731517,0.4087193460490463,0.5630936407532152,0.41208791208791207,0.40540540540540543,0.0013381319586187601,12.189038172946312,efficient-kan,Multimodal Sports,8,3200
0.6070038910505836,0.4430147058823529,0.5831131283258942,0.4521575984990619,0.43423423423423424,0.0009313710033893585,10.359404457034543,ChebyKAN,Multimodal Sports,8,15297
0.6131647211413749,0.41548260656540914,0.5903593563168031,0.45542427497314714,0.38198198198198197,0.007117314031347632,24.203515452099964,FastKAN,Multimodal Sports,8,146017
0.6128404669260701,0.4203883495145631,0.5986774008050604,0.4557894736842105,0.3900900900900901,0.007882478996179998,26.63922366895713,WavKAN,Multimodal Sports,8,109537
0.6404020752269779,0.0053811659192825115,0.5138535191726681,0.6,0.002702702702702703,0.001014093984849751,11.667065557907335,FourierKAN,Multimodal Sports,8,48737
0.6760700389105059,0.41131408367707717,0.6486185273419317,0.5945485519591142,0.3144144144144144,0.0014521210687234998,0.12317993398755789,XGBoost,Multimodal Sports,8,2600
0.6770428015564203,0.43728813559322033,0.6387458126819829,0.5863636363636363,0.34864864864864864,0.0005124909803271294,8.756403464009054,MLP,Multimodal Sports,9,3329
0.5924124513618677,0.43199276999548125,0.5746536049727539,0.43336355394378967,0.4306306306306306,0.0013166680000722408,12.177985836053267,efficient-kan,Multimodal Sports,9,3200
0.6073281452658884,0.42524916943521596,0.5828728424473105,0.4493480441323972,0.4036036036036036,0.000880749081261456,10.710549518931657,ChebyKAN,Multimodal Sports,9,15297
0.60473411154345,0.3992114342040414,0.564617505043037,0.44069640914036995,0.36486486486486486,0.007117555011063814,24.176309557980858,FastKAN,Multimodal Sports,9,146017
0.6050583657587548,0.41329479768786126,0.5856554122511569,0.4440993788819876,0.3864864864864865,0.007887554005719721,26.598577808006667,WavKAN,Multimodal Sports,9,109537
0.6397535667963683,0.003587443946188341,0.519889190101956,0.4,0.0018018018018018018,0.0010515570174902678,11.427755775977857,FourierKAN,Multimodal Sports,9,48737
0.6896887159533074,0.43606364172068357,0.6515612877315005,0.6303236797274276,0.3333333333333333,0.0014748210087418556,0.12399251305032521,XGBoost,Multimodal Sports,9,2600
0.6776913099870299,0.4306987399770905,0.6466852871108191,0.5911949685534591,0.3387387387387387,0.0004780619638040662,8.379109611036256,MLP,Multimodal Sports,10,3329
0.5723086900129701,0.40931482310792655,0.5522826017506868,0.40694568121104185,0.4117117117117117,0.0012885871110484004,12.00237763801124,efficient-kan,Multimodal Sports,10,3200
0.6228923476005188,0.4411340701585776,0.5995162335587867,0.4727085478887745,0.4135135135135135,0.0009112759726122022,10.727198197040707,ChebyKAN,Multimodal Sports,10,15297
0.6095979247730221,0.39253279515640765,0.5841920187664869,0.4461009174311927,0.3504504504504504,0.007115970947779715,24.233357007964514,FastKAN,Multimodal Sports,10,146017
0.5950064850843061,0.3910287664553876,0.5659834606643117,0.4261424017003188,0.36126126126126124,0.007879656041041017,26.921043133945204,WavKAN,Multimodal Sports,10,109537
0.6381322957198443,0.0035714285714285713,0.505578831110746,0.2,0.0018018018018018018,0.0010168170556426048,11.55206049606204,FourierKAN,Multimodal Sports,10,48737
0.6913099870298314,0.43333333333333335,0.6634929762589337,0.6385964912280702,0.3279279279279279,0.0014802550431340933,0.12409992201719433,XGBoost,Multimodal Sports,10,2600
0.669260700389105,0.4191343963553531,0.6230745182872842,0.5696594427244582,0.33153153153153153,0.0005159670254215598,8.488858536002226,MLP,Multimodal Sports,11,3329
0.5813878080415046,0.4355050284215129,0.5757035150652172,0.42310960067969416,0.4486486486486487,0.0013143779942765832,12.102860108017921,efficient-kan,Multimodal Sports,11,3200
0.5976005188067445,0.4251968503937008,0.5697004755515394,0.43755958055290756,0.4135135135135135,0.0008984659798443317,10.38139597105328,ChebyKAN,Multimodal Sports,11,15297
0.6024643320363164,0.4324074074074074,0.5920450085343703,0.44476190476190475,0.4207207207207207,0.007117171073332429,24.106094892020337,FastKAN,Multimodal Sports,11,146017
0.6037613488975356,0.42412818096135724,0.5897690243434924,0.44466403162055335,0.40540540540540543,0.00787725206464529,26.590524569968693,WavKAN,Multimodal Sports,11,109537
0.6387808041504539,0.015901060070671377,0.5043415756181713,0.4090909090909091,0.008108108108108109,0.001041530049405992,11.425845414050855,FourierKAN,Multimodal Sports,11,48737
0.6760700389105059,0.4235429890363531,0.6361323329408436,0.5890850722311396,0.33063063063063064,0.0014866760466247797,0.1246622740291059,XGBoost,Multimodal Sports,11,2600
0.6608300907911803,0.4195338512763596,0.6258098524055971,0.546242774566474,0.34054054054054056,0.0004835929721593857,8.529064706992358,MLP,Multimodal Sports,12,3329
0.5697146562905318,0.411529933481153,0.5573192493405259,0.4052401746724891,0.418018018018018,0.001341377035714686,12.15523948497139,efficient-kan,Multimodal Sports,12,3200
0.5852788586251622,0.4178425125170687,0.5710178263369752,0.42226310947562096,0.4135135135135135,0.0009128489764407277,10.532695072004572,ChebyKAN,Multimodal Sports,12,15297
0.585603112840467,0.3960302457466919,0.5568452951431675,0.4165009940357853,0.37747747747747745,0.0071180680533871055,24.075639604008757,FastKAN,Multimodal Sports,12,146017
0.6034370946822308,0.4048661800486618,0.5646574385936087,0.4402116402116402,0.3747747747747748,0.007878639036789536,26.956989195081405,WavKAN,Multimodal Sports,12,109537
0.6394293125810635,0.0,0.4896143103589912,0.0,0.0,0.0010352340759709477,11.254338911967352,FourierKAN,Multimodal Sports,12,48737
0.6841763942931258,0.42161520190023755,0.6424849621658133,0.6184668989547039,0.31981981981981983,0.0014526110608130693,0.12258834601379931,XGBoost,Multimodal Sports,12,2600
0.6789883268482491,0.4596069868995633,0.6427106437744736,0.5831024930747922,0.3792792792792793,0.0004847929812967777,8.91475925501436,MLP,Multimodal Sports,13,3329
0.5849546044098574,0.4300979519145147,0.5704544209863358,0.4251760563380282,0.43513513513513513,0.0013121829833835363,11.811708749970421,efficient-kan,Multimodal Sports,13,3200
0.5852788586251622,0.416780665754674,0.5714082623657091,0.42197599261311175,0.4117117117117117,0.0009180639171972871,10.916942389914766,ChebyKAN,Multimodal Sports,13,15297
0.6361867704280155,0.4461994076999013,0.6148584754967734,0.49344978165938863,0.4072072072072072,0.007110281032510102,23.910669883014634,FastKAN,Multimodal Sports,13,146017
0.6076523994811932,0.4165863066538091,0.5866898053068267,0.44813278008298757,0.3891891891891892,0.007878632983192801,26.678448030957952,WavKAN,Multimodal Sports,13,109537
0.6397535667963683,0.008920606601248885,0.5176574751042836,0.45454545454545453,0.0045045045045045045,0.00103865098208189,11.451991447946057,FourierKAN,Multimodal Sports,13,48737
0.6942282749675746,0.4501457725947522,0.66230227187674,0.6380165289256199,0.34774774774774775,0.0014957699459046125,0.12541974103078246,XGBoost,Multimodal Sports,13,2600
0.6744487678339819,0.44160177975528364,0.6370724828171637,0.5770348837209303,0.35765765765765767,0.0004960459191352129,8.3734820849495,MLP,Multimodal Sports,14,3329
0.5833333333333334,0.4198645598194131,0.5669831685789133,0.42081447963800905,0.4189189189189189,0.0013212979538366199,12.055287705967203,efficient-kan,Multimodal Sports,14,3200
0.5988975356679637,0.4151300236406619,0.559363162554652,0.4368159203980099,0.3954954954954955,0.0009131880942732096,10.370371597004123,ChebyKAN,Multimodal Sports,14,15297
0.6394293125810635,0.4389505549949546,0.6093392024243088,0.4988532110091743,0.3918918918918919,0.0071162329986691475,23.854904153966345,FastKAN,Multimodal Sports,14,146017
0.6089494163424124,0.42406876790830944,0.590967030860648,0.45121951219512196,0.4,0.007886869017966092,27.020080588990822,WavKAN,Multimodal Sports,14,109537
0.6404020752269779,0.0018001800180018,0.5081633305037561,1.0,0.0009009009009009009,0.0010494180023670197,11.6500789799029,FourierKAN,Multimodal Sports,14,48737
0.6796368352788587,0.4119047619047619,0.6511249851675384,0.6070175438596491,0.3117117117117117,0.0014771269634366035,0.12440206098835915,XGBoost,Multimodal Sports,14,2600
0.670881971465629,0.41900400686891814,0.614455488923574,0.5745682888540031,0.32972972972972975,0.0004888200201094151,8.649767229915597,MLP,Multimodal Sports,15,3329
0.5710116731517509,0.40963855421686746,0.5603936763511231,0.40583554376657827,0.4135135135135135,0.0013371650129556656,12.61648868699558,efficient-kan,Multimodal Sports,15,3200
0.5966277561608301,0.4143126177024482,0.5703515065217193,0.4339250493096647,0.3963963963963964,0.000915454002097249,10.362109247012995,ChebyKAN,Multimodal Sports,15,15297
0.5869001297016861,0.39678030303030304,0.5653312887355441,0.4181636726546906,0.37747747747747745,0.007126303040422499,24.05584103090223,FastKAN,Multimodal Sports,15,146017
0.5963035019455253,0.3851851851851852,0.5658225855034366,0.4262295081967213,0.35135135135135137,0.007892680005170405,26.603210152010433,WavKAN,Multimodal Sports,15,109537
0.6381322957198443,0.0071174377224199285,0.5022303458473671,0.2857142857142857,0.0036036036036036037,0.00104267499409616,11.43373637390323,FourierKAN,Multimodal Sports,15,48737
0.6789883268482491,0.4036144578313253,0.6344072035561398,0.6090909090909091,0.30180180180180183,0.001474407035857439,0.12331066303886473,XGBoost,Multimodal Sports,15,2600
0.666018158236057,0.4456404736275565,0.6387460408737005,0.553475935828877,0.372972972972973,0.0004985879641026258,8.584349515964277,MLP,Multimodal Sports,16,3329
0.583981841763943,0.4325519681556833,0.5779096725905237,0.42484795829713295,0.44054054054054054,0.0013200610410422087,12.280376807088032,efficient-kan,Multimodal Sports,16,3200
0.601491569390402,0.4411095952705775,0.5930670792372921,0.44536271808999084,0.4369369369369369,0.000934810028411448,10.612585111055523,ChebyKAN,Multimodal Sports,16,15297
0.6196498054474708,0.4036603965429588,0.5890812545067865,0.4632438739789965,0.35765765765765767,0.007149533950723708,23.901871117996052,FastKAN,Multimodal Sports,16,146017
0.5969520103761349,0.41006169909824397,0.5692272059293335,0.43329989969909727,0.3891891891891892,0.007879226934164762,26.931722710025497,WavKAN,Multimodal Sports,16,109537
0.6391050583657587,0.008904719501335707,0.497563140648247,0.38461538461538464,0.0045045045045045045,0.0010491550201550126,11.596126453951001,FourierKAN,Multimodal Sports,16,48737
0.6922827496757458,0.4434017595307918,0.6671816953731847,0.6352941176470588,0.34054054054054056,0.0014733499847352505,0.12256545305717736,XGBoost,Multimodal Sports,16,2600
0.6656939040207522,0.43814713896457763,0.634263442774081,0.5544827586206896,0.3621621621621622,0.00047544704284518957,8.376828789012507,MLP,Multimodal Sports,17,3329
0.5752269779507133,0.41725978647686834,0.5536889473059685,0.4121265377855888,0.42252252252252254,0.0013106489786878228,12.040442700963467,efficient-kan,Multimodal Sports,17,3200
0.5992217898832685,0.4197183098591549,0.5792731181029054,0.43823529411764706,0.4027027027027027,0.0009239990031346679,10.622682917048223,ChebyKAN,Multimodal Sports,17,15297
0.6151102464332037,0.4172803141875307,0.5824995207973931,0.45846817691477887,0.38288288288288286,0.007094569969922304,24.095878259046003,FastKAN,Multimodal Sports,17,146017
0.5917639429312581,0.4001905669366365,0.5684757706034301,0.4246713852376138,0.3783783783783784,0.007872821995988488,26.628956833970733,WavKAN,Multimodal Sports,17,109537
0.6384565499351491,0.0035746201966041107,0.5136928722035106,0.2222222222222222,0.0018018018018018018,0.0010648280149325728,11.30859472299926,FourierKAN,Multimodal Sports,17,48737
0.6734760051880675,0.40589970501474926,0.634181750139197,0.588034188034188,0.3099099099099099,0.0015138660091906786,0.12844019394833595,XGBoost,Multimodal Sports,17,2600
0.6640726329442282,0.43263964950711936,0.6146724992469673,0.5516759776536313,0.35585585585585583,0.0005012120818719268,8.741952863987535,MLP,Multimodal Sports,18,3329
0.5736057068741893,0.4158151932474456,0.5603176885091778,0.4101665205959685,0.42162162162162165,0.0013228419702500105,12.162644344032742,efficient-kan,Multimodal Sports,18,3200
0.6024643320363164,0.43864468864468864,0.5836010022180236,0.44599627560521415,0.4315315315315315,0.0009155920706689358,10.543462956906296,ChebyKAN,Multimodal Sports,18,15297
0.6057068741893644,0.41256038647342996,0.5799613443230465,0.44479166666666664,0.3846846846846847,0.007125676027499139,23.906627464923076,FastKAN,Multimodal Sports,18,146017
0.6018158236057068,0.4050387596899225,0.5890358443549933,0.4381551362683438,0.37657657657657656,0.007873535039834678,26.594118761015125,WavKAN,Multimodal Sports,18,109537
0.6397535667963683,0.008920606601248885,0.4989174584919266,0.45454545454545453,0.0045045045045045045,0.0010387090733274817,11.651396858971566,FourierKAN,Multimodal Sports,18,48737
0.6809338521400778,0.4142857142857143,0.6537297936234107,0.6105263157894737,0.31351351351351353,0.0014766280073672533,0.1241395230172202,XGBoost,Multimodal Sports,18,2600
0.6559662775616083,0.4286483575659666,0.6187167410571666,0.5327978580990629,0.35855855855855856,0.0004986579297110438,8.475498227984644,MLP,Multimodal Sports,19,3329
0.6021400778210116,0.45149754135002235,0.5767698549613444,0.44809228039041704,0.45495495495495497,0.0013143480755388737,12.041146810050122,efficient-kan,Multimodal Sports,19,3200
0.6154345006485085,0.4242718446601942,0.5829579579579579,0.46,0.39369369369369367,0.0009081379976123571,10.734154929989018,ChebyKAN,Multimodal Sports,19,15297
0.6027885862516212,0.4152744630071599,0.5827263433646412,0.4416243654822335,0.3918918918918919,0.007117748027667403,24.36657860490959,FastKAN,Multimodal Sports,19,146017
0.6134889753566797,0.4139626352015733,0.5816650236863004,0.4556277056277056,0.3792792792792793,0.00788620999082923,26.933892042026855,WavKAN,Multimodal Sports,19,109537
0.6391050583657587,0.0017937219730941704,0.5134509889829039,0.2,0.0009009009009009009,0.0010510169668123126,11.476451841997914,FourierKAN,Multimodal Sports,19,48737
0.6725032425421531,0.39809296781883197,0.6345564409394195,0.5880281690140845,0.3009009009009009,0.0014901870163157582,0.12399096100125462,XGBoost,Multimodal Sports,19,2600
0.6595330739299611,0.42934782608695654,0.6328949770439132,0.541095890410959,0.35585585585585583,0.0005083690630272031,8.497146610054187,MLP,Multimodal Sports,20,3329
0.585603112840467,0.4180327868852459,0.5718169537318474,0.42265193370165743,0.4135135135135135,0.0013152839383110404,11.829206877038814,efficient-kan,Multimodal Sports,20,3200
0.6024643320363164,0.4178537511870845,0.5773296092445029,0.44176706827309237,0.3963963963963964,0.0009265400003641844,10.731330924085341,ChebyKAN,Multimodal Sports,20,15297
0.6066796368352788,0.40915733073550903,0.5757861204669715,0.44538706256627786,0.3783783783783784,0.007115085027180612,24.167374872020446,FastKAN,Multimodal Sports,20,146017
0.5943579766536965,0.39360155113911777,0.5636025082833593,0.4260230849947534,0.36576576576576575,0.007895856047980487,26.611182632041164,WavKAN,Multimodal Sports,20,109537
0.6394293125810635,0.0017953321364452424,0.5174532435170733,0.25,0.0009009009009009009,0.0010129309957847,11.294784097932279,FourierKAN,Multimodal Sports,20,48737
0.670881971465629,0.4004725339633786,0.6421791852642917,0.58147512864494,0.3054054054054054,0.0014823359670117497,0.12495022499933839,XGBoost,Multimodal Sports,20,2600
0.6825551232166018,0.4446965399886557,0.646125304635943,0.6003062787136294,0.35315315315315315,0.0004915690515190363,8.510839474038221,MLP,Multimodal Sports,21,3329
0.582360570687419,0.42857142857142855,0.5620731673923163,0.4222027972027972,0.43513513513513513,0.001299081020988524,12.29185763199348,efficient-kan,Multimodal Sports,21,3200
0.5927367055771725,0.4163568773234201,0.5771974862400395,0.42994241842610365,0.4036036036036036,0.0009250270668417215,10.37464821303729,ChebyKAN,Multimodal Sports,21,15297
0.6228923476005188,0.4384355383872525,0.6017995198846262,0.4724245577523413,0.409009009009009,0.007125157047994435,23.976109384093434,FastKAN,Multimodal Sports,21,146017
0.6037613488975356,0.4090909090909091,0.5681903027647709,0.44154488517745305,0.3810810810810811,0.007879288983531296,26.603106642956845,WavKAN,Multimodal Sports,21,109537
0.6381322957198443,0.0035714285714285713,0.4979412543242331,0.2,0.0018018018018018018,0.0010439679026603699,11.622581818024628,FourierKAN,Multimodal Sports,21,48737
0.685473411154345,0.4294117647058823,0.6628122803654718,0.6186440677966102,0.32882882882882886,0.0014739100588485599,0.12216492102015764,XGBoost,Multimodal Sports,21,2600
0.6679636835278858,0.4161915621436716,0.6209858794965178,0.5667701863354038,0.32882882882882886,0.0004880690248683095,8.51594436308369,MLP,Multimodal Sports,22,3329
0.5680933852140078,0.41424802110817943,0.5579570451910877,0.40463917525773196,0.4243243243243243,0.0013254620134830475,12.124265211052261,efficient-kan,Multimodal Sports,22,3200
0.5953307392996109,0.3959341723136496,0.5629653970079502,0.42782426778242677,0.3684684684684685,0.0009354540379717946,10.461642228066921,ChebyKAN,Multimodal Sports,22,15297
0.6134889753566797,0.4241545893719807,0.5800603795284647,0.45729166666666665,0.3954954954954955,0.007131822989322245,23.96343821194023,FastKAN,Multimodal Sports,22,146017
0.6134889753566797,0.41796875,0.576496709475433,0.4562899786780384,0.3855855855855856,0.007873959024436772,26.639379727072082,WavKAN,Multimodal Sports,22,109537
0.6404020752269779,0.0053811659192825115,0.5085816059220315,0.6,0.002702702702702703,0.0010231949854642153,11.625200089998543,FourierKAN,Multimodal Sports,22,48737
0.6802853437094682,0.40458937198067635,0.637876630429822,0.6135531135531136,0.30180180180180183,0.001490010996349156,0.12491886608768255,XGBoost,Multimodal Sports,22,2600
0.6741245136186771,0.4388609715242881,0.6401841050777222,0.5770925110132159,0.35405405405405405,0.0005061149131506681,8.509678049013019,MLP,Multimodal Sports,23,3329
0.5774967574578469,0.40256762952773956,0.5557513440492164,0.4098972922502334,0.3954954954954955,0.001312744920141995,12.089744111988693,efficient-kan,Multimodal Sports,23,3200
0.6112191958495461,0.43094447081158044,0.5787046925344798,0.45536609829488467,0.409009009009009,0.00092214101459831,10.499201767030172,ChebyKAN,Multimodal Sports,23,15297
0.6196498054474708,0.42696629213483145,0.5739017132634153,0.4663820704375667,0.39369369369369367,0.007131966995075345,24.31017694598995,FastKAN,Multimodal Sports,23,146017
0.6027885862516212,0.39862542955326463,0.5702846463484761,0.43797195253505933,0.36576576576576575,0.00786979601252824,26.86895008897409,WavKAN,Multimodal Sports,23,109537
0.6381322957198443,0.0017889087656529517,0.5307673174694452,0.125,0.0009009009009009009,0.0010205870494246483,11.521651874063537,FourierKAN,Multimodal Sports,23,48737
0.6819066147859922,0.4226015303119482,0.6438016283760964,0.6095076400679117,0.32342342342342345,0.0014636520063504577,0.12237471097614616,XGBoost,Multimodal Sports,23,2600
0.6900129701686122,0.4592760180995475,0.6395757459587248,0.6170212765957447,0.36576576576576575,0.0004947030683979392,8.403088686987758,MLP,Multimodal Sports,24,3329
0.5869001297016861,0.4219600725952813,0.5723383718064569,0.4250457038391225,0.4189189189189189,0.0013253180077299476,11.970530172926374,efficient-kan,Multimodal Sports,24,3200
0.5969520103761349,0.4274527867342239,0.5708469107405278,0.43732327992459946,0.418018018018018,0.0009249879512935877,10.470977376098745,ChebyKAN,Multimodal Sports,24,15297
0.6138132295719845,0.430416068866571,0.5857950655822997,0.45871559633027525,0.40540540540540543,0.007119506946764886,24.029280283022672,FastKAN,Multimodal Sports,24,146017
0.603112840466926,0.4075508228460794,0.5814105899212282,0.44037656903765693,0.3792792792792793,0.007864125072956085,26.784987744060345,WavKAN,Multimodal Sports,24,109537
0.6400778210116731,0.0017985611510791368,0.4948465182507736,0.5,0.0009009009009009009,0.0010242320131510496,11.367375308996998,FourierKAN,Multimodal Sports,24,48737
0.6916342412451362,0.42882882882882883,0.6624761539655156,0.6432432432432432,0.3216216216216216,0.0014814060414209962,0.12384159700013697,XGBoost,Multimodal Sports,24,2600
0.6744487678339819,0.4321266968325792,0.6306297178637604,0.5805471124620061,0.3441441441441441,0.0005080210976302624,8.9131490199361,MLP,Multimodal Sports,25,3329
0.5917639429312581,0.4411895250776742,0.5801386492875854,0.4348206474190726,0.4477477477477477,0.0012920110020786524,11.811479058000259,efficient-kan,Multimodal Sports,25,3200
0.5963035019455253,0.4146685472496474,0.5732075540586179,0.4336283185840708,0.3972972972972973,0.0009061730233952403,10.763683060999028,ChebyKAN,Multimodal Sports,25,15297
0.6066796368352788,0.4313173933427098,0.5992736657630275,0.4496578690127077,0.4144144144144144,0.007124515017494559,24.099789922940545,FastKAN,Multimodal Sports,25,146017
0.5943579766536965,0.39477503628447025,0.567795759285121,0.4263322884012539,0.3675675675675676,0.00787099706940353,26.84124579105992,WavKAN,Multimodal Sports,25,109537
0.6407263294422828,0.007168458781362007,0.5033512235639895,0.6666666666666666,0.0036036036036036037,0.0010406409855931997,11.326153519912623,FourierKAN,Multimodal Sports,25,48737
0.6864461738002594,0.4240619416319238,0.6445717754228393,0.6256590509666081,0.3207207207207207,0.0014920249814167619,0.12490617600269616,XGBoost,Multimodal Sports,25,2600
0.6637483787289234,0.41113003975014195,0.6268449300364194,0.5560675883256528,0.3261261261261261,0.000520308967679739,8.517974779009819,MLP,Multimodal Sports,26,3329
0.5891699092088197,0.4243525670149932,0.5719326469326469,0.42804766269477545,0.4207207207207207,0.001317512011155486,12.185569699970074,efficient-kan,Multimodal Sports,26,3200
0.6128404669260701,0.4425770308123249,0.5894591399910549,0.45930232558139533,0.42702702702702705,0.0009209780255332589,10.61832637200132,ChebyKAN,Multimodal Sports,26,15297
0.606355382619974,0.41067961165048544,0.5725875571620254,0.44526315789473686,0.3810810810810811,0.0071150739677250385,24.231908308924176,FastKAN,Multimodal Sports,26,146017
0.6167315175097277,0.4194499017681729,0.5829563606159351,0.4611231101511879,0.3846846846846847,0.00787549710366875,26.953971071983688,WavKAN,Multimodal Sports,26,109537
0.6397535667963683,0.0017969451931716084,0.49703807150615664,0.3333333333333333,0.0009009009009009009,0.0010424560168758035,11.506872765952721,FourierKAN,Multimodal Sports,26,48737
0.691958495460441,0.42908653846153844,0.6390358443549933,0.644404332129964,0.3216216216216216,0.0015121889300644398,0.12647748400922865,XGBoost,Multimodal Sports,26,2600
0.6734760051880675,0.4249000571102227,0.6401681316574933,0.5803432137285491,0.33513513513513515,0.000520762987434864,8.496000053943135,MLP,Multimodal Sports,27,3329
0.5878728923476005,0.42095671981776767,0.5572667652454887,0.4258064516129032,0.41621621621621624,0.0013432980049401522,11.833892668015324,efficient-kan,Multimodal Sports,27,3200
0.5963035019455253,0.4228094575799722,0.5748516753835903,0.4355300859598854,0.41081081081081083,0.0009082600008696318,10.380046315025538,ChebyKAN,Multimodal Sports,27,15297
0.6034370946822308,0.3869674185463659,0.571745073340818,0.43615819209039547,0.34774774774774775,0.007142912945710123,24.249935894971713,FastKAN,Multimodal Sports,27,146017
0.6044098573281452,0.4111969111969112,0.5654624989731373,0.44282744282744285,0.3837837837837838,0.007881563040427864,26.974331136909313,WavKAN,Multimodal Sports,27,109537
0.6384565499351491,0.007123775601068566,0.4940455653221611,0.3076923076923077,0.0036036036036036037,0.0010126560227945447,11.284052432980388,FourierKAN,Multimodal Sports,27,48737
0.6877431906614786,0.42300778909526665,0.6447652819993246,0.631484794275492,0.31801801801801804,0.0015088459476828575,0.12435879604890943,XGBoost,Multimodal Sports,27,2600
0.6705577172503242,0.4584221748400853,0.6358658050147412,0.5613577023498695,0.38738738738738737,0.00048465607687830925,8.62386375805363,MLP,Multimodal Sports,28,3329
0.5706874189364461,0.4146772767462423,0.5501759358142336,0.4071180555555556,0.42252252252252254,0.001337721012532711,12.1530068279244,efficient-kan,Multimodal Sports,28,3200
0.6141374837872893,0.44651162790697674,0.5927019724892066,0.46153846153846156,0.43243243243243246,0.0009330280590802431,10.487363946973346,ChebyKAN,Multimodal Sports,28,15297
0.5998702983138781,0.4162724692526017,0.5732876493514791,0.43824701195219123,0.3963963963963964,0.007116229040548205,24.03373383509461,FastKAN,Multimodal Sports,28,146017
0.6021400778210116,0.40523509452254,0.589160665224495,0.4386149003147954,0.37657657657657656,0.007866688072681427,26.924150669947267,WavKAN,Multimodal Sports,28,109537
0.6397535667963683,0.003587443946188341,0.5101230409741048,0.4,0.0018018018018018018,0.001030419021844864,11.659413315006532,FourierKAN,Multimodal Sports,28,48737
0.6802853437094682,0.43463302752293576,0.6458765756638097,0.5977917981072555,0.34144144144144145,0.0014713119016960263,0.12567879597190768,XGBoost,Multimodal Sports,28,2600
0.6715304798962386,0.43565459610027857,0.6468703505937549,0.5708029197080292,0.35225225225225226,0.0005076710367575288,8.741666949004866,MLP,Multimodal Sports,29,3329
0.5739299610894941,0.4144385026737968,0.5606184451929133,0.41005291005291006,0.4189189189189189,0.001321121002547443,12.213677017018199,efficient-kan,Multimodal Sports,29,3200
0.5920881971465629,0.4099437148217636,0.5792425404127531,0.42759295499021527,0.39369369369369367,0.0008935281075537205,10.372461386024952,ChebyKAN,Multimodal Sports,29,15297
0.6160830090791181,0.4356530028598665,0.6032202415181138,0.4625506072874494,0.4117117117117117,0.007115887012332678,24.18675457604695,FastKAN,Multimodal Sports,29,146017
0.6173800259403373,0.4260700389105058,0.604952901229497,0.4630021141649049,0.3945945945945946,0.007853477029129863,27.147690386045724,WavKAN,Multimodal Sports,29,109537
0.6378080415045395,0.0071111111111111115,0.499856923793094,0.26666666666666666,0.0036036036036036037,0.0010215400252491236,11.289796489989385,FourierKAN,Multimodal Sports,29,48737
0.6877431906614786,0.41742286751361163,0.6516781218908878,0.6353591160220995,0.3108108108108108,0.0014756160089746118,0.12400811689440161,XGBoost,Multimodal Sports,29,2600
0.6741245136186771,0.4564629529475392,0.6425278622087133,0.571041948579161,0.3801801801801802,0.0005046960432082415,8.75586227409076,MLP,Multimodal Sports,30,3329
0.5849546044098574,0.4306049822064057,0.578921702857873,0.4253075571177504,0.436036036036036,0.0013311599614098668,12.131767699029297,efficient-kan,Multimodal Sports,30,3200
0.6190012970168612,0.44020962363030014,0.5937217612749528,0.4671385237613751,0.41621621621621624,0.0009078000439330935,10.765860171988606,ChebyKAN,Multimodal Sports,30,15297
0.6215953307392996,0.41386238071320947,0.5940978212254808,0.4676503972758229,0.37117117117117115,0.007117226021364331,24.349132323055528,FastKAN,Multimodal Sports,30,146017
0.6105706874189365,0.4109857773418342,0.5781830462681526,0.4510226049515608,0.37747747747747745,0.007868250017054379,26.664376722997986,WavKAN,Multimodal Sports,30,109537
0.6404020752269779,0.008936550491510277,0.5136193944704583,0.5555555555555556,0.0045045045045045045,0.0010211250046268106,11.773212000029162,FourierKAN,Multimodal Sports,30,48737
0.690337224383917,0.4450900639163277,0.6654675191909234,0.6268412438625205,0.345045045045045,0.0014908399898558855,0.12482638796791434,XGBoost,Multimodal Sports,30,2600
